fips,utility,share
06001,pge,0.76
06003,pge,0.94
06005,pge,1.0
06007,pge,1.0
06009,pge,1.0
06011,pge,1.0
06013,pge,1.0
06017,pge,0.94
06019,pge,0.26
06019,sce,0.74
06021,pge,1.0
06023,pge,1.0
06025,sce,0.86
06027,sce,0.31
06029,pge,0.26
06029,sce,0.74
06031,pge,0.26
06031,sce,0.74
06033,pge,1.0
06035,pge,0.98
06037,sce,0.25
06039,pge,0.26
06039,sce,0.74
06041,pge,1.0
06043,pge,1.0
06045,pge,1.0
06047,pge,0.71
06049,pge,0.89
06051,sce,0.98
06053,pge,1.0
06055,pge,1.0
06057,pge,0.94
06059,sce,0.27
06059,sdge,0.63
06061,pge,0.27
06063,pge,0.94
06065,sce,0.65
06067,pge,0.34
06069,pge,1.0
06071,pge,0.23
06071,sce,0.68
06073,sce,0.26
06073,sdge,0.6
06075,pge,0.98
06077,pge,0.55
06079,pge,1.0
06081,pge,0.98
06083,pge,0.26
06083,sce,0.74
06085,pge,0.56
06087,pge,1.0
06089,pge,0.65
06091,pge,0.94
06093,pge,0.91
06095,pge,1.0
06097,pge,1.0
06099,pge,0.54
06101,pge,1.0
06103,pge,1.0
06105,pge,1.0
06107,pge,0.26
06107,sce,0.74
06109,pge,0.24
06109,sce,0.69
06111,sce,1.0
06113,pge,0.34
06115,pge,1.0
