fips,re,share
01001,re_serc,1.0
01003,re_serc,1.0
01005,re_serc,1.0
01007,re_serc,1.0
01009,re_serc,1.0
01011,re_serc,1.0
01013,re_serc,1.0
01015,re_serc,1.0
01017,re_serc,1.0
01019,re_serc,1.0
01021,re_serc,1.0
01023,re_serc,1.0
01025,re_serc,1.0
01027,re_serc,1.0
01029,re_serc,1.0
01031,re_serc,1.0
01033,re_serc,1.0
01035,re_serc,1.0
01037,re_serc,1.0
01039,re_serc,1.0
01041,re_serc,1.0
01043,re_serc,1.0
01045,re_serc,1.0
01047,re_serc,1.0
01049,re_serc,1.0
01051,re_serc,1.0
01053,re_serc,1.0
01055,re_serc,1.0
01057,re_serc,1.0
01059,re_serc,1.0
01061,re_serc,1.0
01063,re_serc,1.0
01065,re_serc,1.0
01067,re_serc,1.0
01069,re_serc,1.0
01071,re_serc,1.0
01073,re_serc,1.0
01075,re_serc,1.0
01077,re_serc,1.0
01079,re_serc,1.0
01081,re_serc,1.0
01083,re_serc,1.0
01085,re_serc,1.0
01087,re_serc,1.0
01089,re_serc,1.0
01091,re_serc,1.0
01093,re_serc,1.0
01095,re_serc,1.0
01097,re_serc,1.0
01099,re_serc,1.0
01101,re_serc,1.0
01103,re_serc,1.0
01105,re_serc,1.0
01107,re_serc,1.0
01109,re_serc,1.0
01111,re_serc,1.0
01113,re_serc,1.0
01115,re_serc,1.0
01117,re_serc,1.0
01119,re_serc,1.0
01121,re_serc,1.0
01123,re_serc,1.0
01125,re_serc,1.0
01127,re_serc,1.0
01129,re_serc,1.0
01131,re_serc,1.0
01133,re_serc,1.0
04001,re_wecc,1.0
04003,re_wecc,1.0
04005,re_wecc,1.0
04007,re_wecc,1.0
04009,re_wecc,1.0
04011,re_wecc,1.0
04013,re_wecc,1.0
04015,re_wecc,1.0
04017,re_wecc,1.0
04019,re_wecc,1.0
04021,re_wecc,1.0
04023,re_wecc,1.0
04025,re_wecc,1.0
04027,re_wecc,1.0
05001,re_serc,0.88
05003,re_serc,1.0
05005,re_serc,0.67
05007,re_mro,1.0
05009,re_mro,0.58
05011,re_serc,0.84
05013,re_serc,1.0
05015,re_mro,0.69
05017,re_serc,1.0
05019,re_serc,1.0
05021,re_serc,1.0
05023,re_serc,1.0
05025,re_serc,0.82
05027,re_serc,0.76
05029,re_serc,1.0
05031,re_mro,0.73
05033,re_mro,0.83
05035,re_serc,1.0
05037,re_serc,1.0
05039,re_serc,0.85
05041,re_serc,0.82
05043,re_serc,0.82
05045,re_serc,1.0
05047,re_mro,0.83
05049,re_serc,0.67
05051,re_serc,1.0
05053,re_serc,0.88
05055,re_serc,0.56
05057,re_mro,0.5
05059,re_serc,1.0
05061,re_mro,0.66
05063,re_serc,1.0
05065,re_serc,0.67
05067,re_serc,1.0
05069,re_serc,0.88
05071,re_serc,0.53
05073,re_serc,0.47
05075,re_serc,0.74
05077,re_serc,1.0
05079,re_serc,0.82
05081,re_mro,0.73
05083,re_mro,0.54
05085,re_serc,1.0
05087,re_mro,0.86
05089,re_serc,0.71
05091,re_serc,0.47
05093,re_serc,1.0
05095,re_serc,1.0
05097,re_serc,1.0
05099,re_serc,1.0
05101,re_serc,0.54
05103,re_serc,1.0
05105,re_serc,1.0
05107,re_serc,1.0
05109,re_serc,0.58
05111,re_serc,1.0
05113,re_mro,0.73
05115,re_serc,0.54
05117,re_serc,1.0
05119,re_serc,1.0
05121,re_serc,1.0
05123,re_serc,1.0
05125,re_serc,1.0
05127,re_mro,0.54
05129,re_serc,1.0
05131,re_mro,0.78
05133,re_mro,0.73
05135,re_serc,0.77
05137,re_serc,0.78
05139,re_serc,1.0
05141,re_serc,1.0
05143,re_mro,0.9
05145,re_serc,1.0
05147,re_serc,1.0
05149,re_serc,1.0
06001,re_wecc,1.0
06003,re_wecc,1.0
06005,re_wecc,1.0
06007,re_wecc,1.0
06009,re_wecc,1.0
06011,re_wecc,1.0
06013,re_wecc,1.0
06015,re_wecc,1.0
06017,re_wecc,1.0
06019,re_wecc,1.0
06021,re_wecc,1.0
06023,re_wecc,1.0
06025,re_wecc,1.0
06027,re_wecc,1.0
06029,re_wecc,1.0
06031,re_wecc,1.0
06033,re_wecc,1.0
06035,re_wecc,1.0
06037,re_wecc,1.0
06039,re_wecc,1.0
06041,re_wecc,1.0
06043,re_wecc,1.0
06045,re_wecc,1.0
06047,re_wecc,1.0
06049,re_wecc,1.0
06051,re_wecc,1.0
06053,re_wecc,1.0
06055,re_wecc,1.0
06057,re_wecc,1.0
06059,re_wecc,1.0
06061,re_wecc,1.0
06063,re_wecc,1.0
06065,re_wecc,1.0
06067,re_wecc,1.0
06069,re_wecc,1.0
06071,re_wecc,1.0
06073,re_wecc,1.0
06075,re_wecc,1.0
06077,re_wecc,1.0
06079,re_wecc,1.0
06081,re_wecc,1.0
06083,re_wecc,1.0
06085,re_wecc,1.0
06087,re_wecc,1.0
06089,re_wecc,1.0
06091,re_wecc,1.0
06093,re_wecc,1.0
06095,re_wecc,1.0
06097,re_wecc,1.0
06099,re_wecc,1.0
06101,re_wecc,1.0
06103,re_wecc,1.0
06105,re_wecc,1.0
06107,re_wecc,1.0
06109,re_wecc,1.0
06111,re_wecc,1.0
06113,re_wecc,1.0
06115,re_wecc,1.0
08001,re_wecc,1.0
08003,re_wecc,1.0
08005,re_wecc,1.0
08007,re_wecc,1.0
08009,re_wecc,1.0
08011,re_wecc,1.0
08013,re_wecc,1.0
08014,re_wecc,1.0
08015,re_wecc,1.0
08017,re_wecc,0.99
08019,re_wecc,1.0
08021,re_wecc,1.0
08023,re_wecc,1.0
08025,re_wecc,1.0
08027,re_wecc,1.0
08029,re_wecc,1.0
08031,re_wecc,1.0
08033,re_wecc,1.0
08035,re_wecc,1.0
08037,re_wecc,1.0
08039,re_wecc,1.0
08041,re_wecc,1.0
08043,re_wecc,1.0
08045,re_wecc,1.0
08047,re_wecc,1.0
08049,re_wecc,1.0
08051,re_wecc,1.0
08053,re_wecc,1.0
08055,re_wecc,1.0
08057,re_wecc,1.0
08059,re_wecc,1.0
08061,re_wecc,1.0
08063,re_wecc,1.0
08065,re_wecc,1.0
08067,re_wecc,1.0
08069,re_wecc,1.0
08071,re_wecc,1.0
08073,re_wecc,1.0
08075,re_wecc,1.0
08077,re_wecc,1.0
08079,re_wecc,1.0
08081,re_wecc,1.0
08083,re_wecc,1.0
08085,re_wecc,1.0
08087,re_wecc,1.0
08089,re_wecc,1.0
08091,re_wecc,1.0
08093,re_wecc,1.0
08095,re_wecc,1.0
08097,re_wecc,1.0
08099,re_wecc,1.0
08101,re_wecc,1.0
08103,re_wecc,1.0
08105,re_wecc,1.0
08107,re_wecc,1.0
08109,re_wecc,1.0
08111,re_wecc,1.0
08113,re_wecc,1.0
08115,re_wecc,1.0
08117,re_wecc,1.0
08119,re_wecc,1.0
08121,re_wecc,1.0
08123,re_wecc,1.0
08125,re_wecc,1.0
09001,re_npcc,1.0
09003,re_npcc,1.0
09005,re_npcc,1.0
09007,re_npcc,1.0
09009,re_npcc,1.0
09011,re_npcc,1.0
09013,re_npcc,1.0
09015,re_npcc,1.0
10001,re_rf,1.0
10003,re_rf,1.0
10005,re_rf,1.0
11001,re_rf,1.0
12001,re_serc,1.0
12003,re_serc,1.0
12005,re_serc,1.0
12007,re_serc,1.0
12009,re_serc,1.0
12011,re_serc,1.0
12013,re_serc,1.0
12015,re_serc,1.0
12017,re_serc,1.0
12019,re_serc,1.0
12021,re_serc,1.0
12023,re_serc,1.0
12027,re_serc,1.0
12029,re_serc,1.0
12031,re_serc,1.0
12033,re_serc,1.0
12035,re_serc,1.0
12037,re_serc,1.0
12039,re_serc,1.0
12041,re_serc,1.0
12043,re_serc,1.0
12045,re_serc,1.0
12047,re_serc,1.0
12049,re_serc,1.0
12051,re_serc,1.0
12053,re_serc,1.0
12055,re_serc,1.0
12057,re_serc,1.0
12059,re_serc,1.0
12061,re_serc,1.0
12063,re_serc,1.0
12065,re_serc,1.0
12067,re_serc,1.0
12069,re_serc,1.0
12071,re_serc,1.0
12073,re_serc,1.0
12075,re_serc,1.0
12077,re_serc,1.0
12079,re_serc,1.0
12081,re_serc,1.0
12083,re_serc,1.0
12085,re_serc,1.0
12086,re_serc,1.0
12087,re_serc,1.0
12089,re_serc,1.0
12091,re_serc,1.0
12093,re_serc,1.0
12095,re_serc,1.0
12097,re_serc,1.0
12099,re_serc,1.0
12101,re_serc,1.0
12103,re_serc,1.0
12105,re_serc,1.0
12107,re_serc,1.0
12109,re_serc,1.0
12111,re_serc,1.0
12113,re_serc,1.0
12115,re_serc,1.0
12117,re_serc,1.0
12119,re_serc,1.0
12121,re_serc,1.0
12123,re_serc,1.0
12125,re_serc,1.0
12127,re_serc,1.0
12129,re_serc,1.0
12131,re_serc,1.0
12133,re_serc,1.0
13001,re_serc,1.0
13003,re_serc,1.0
13005,re_serc,1.0
13007,re_serc,1.0
13009,re_serc,1.0
13011,re_serc,1.0
13013,re_serc,1.0
13015,re_serc,1.0
13017,re_serc,1.0
13019,re_serc,1.0
13021,re_serc,1.0
13023,re_serc,1.0
13025,re_serc,1.0
13027,re_serc,1.0
13029,re_serc,1.0
13031,re_serc,1.0
13033,re_serc,1.0
13035,re_serc,1.0
13037,re_serc,1.0
13039,re_serc,1.0
13043,re_serc,1.0
13045,re_serc,1.0
13047,re_serc,1.0
13049,re_serc,1.0
13051,re_serc,1.0
13053,re_serc,1.0
13055,re_serc,1.0
13057,re_serc,1.0
13059,re_serc,1.0
13061,re_serc,1.0
13063,re_serc,1.0
13065,re_serc,1.0
13067,re_serc,1.0
13069,re_serc,1.0
13071,re_serc,1.0
13073,re_serc,1.0
13075,re_serc,1.0
13077,re_serc,1.0
13079,re_serc,1.0
13081,re_serc,1.0
13083,re_serc,1.0
13085,re_serc,1.0
13087,re_serc,1.0
13089,re_serc,1.0
13091,re_serc,1.0
13093,re_serc,1.0
13095,re_serc,1.0
13097,re_serc,1.0
13099,re_serc,1.0
13101,re_serc,1.0
13103,re_serc,1.0
13105,re_serc,1.0
13107,re_serc,1.0
13109,re_serc,1.0
13111,re_serc,1.0
13113,re_serc,1.0
13115,re_serc,1.0
13117,re_serc,1.0
13119,re_serc,1.0
13121,re_serc,1.0
13123,re_serc,1.0
13125,re_serc,1.0
13127,re_serc,1.0
13129,re_serc,1.0
13131,re_serc,1.0
13133,re_serc,1.0
13135,re_serc,1.0
13137,re_serc,1.0
13139,re_serc,1.0
13141,re_serc,1.0
13143,re_serc,1.0
13145,re_serc,1.0
13147,re_serc,1.0
13149,re_serc,1.0
13151,re_serc,1.0
13153,re_serc,1.0
13155,re_serc,1.0
13157,re_serc,1.0
13159,re_serc,1.0
13161,re_serc,1.0
13163,re_serc,1.0
13165,re_serc,1.0
13167,re_serc,1.0
13169,re_serc,1.0
13171,re_serc,1.0
13173,re_serc,1.0
13175,re_serc,1.0
13177,re_serc,1.0
13179,re_serc,1.0
13181,re_serc,1.0
13183,re_serc,1.0
13185,re_serc,1.0
13187,re_serc,1.0
13189,re_serc,1.0
13191,re_serc,1.0
13193,re_serc,1.0
13195,re_serc,1.0
13197,re_serc,1.0
13199,re_serc,1.0
13201,re_serc,1.0
13205,re_serc,1.0
13207,re_serc,1.0
13209,re_serc,1.0
13211,re_serc,1.0
13213,re_serc,1.0
13215,re_serc,1.0
13217,re_serc,1.0
13219,re_serc,1.0
13221,re_serc,1.0
13223,re_serc,1.0
13225,re_serc,1.0
13227,re_serc,1.0
13229,re_serc,1.0
13231,re_serc,1.0
13233,re_serc,1.0
13235,re_serc,1.0
13237,re_serc,1.0
13239,re_serc,1.0
13241,re_serc,1.0
13243,re_serc,1.0
13245,re_serc,1.0
13247,re_serc,1.0
13249,re_serc,1.0
13251,re_serc,1.0
13253,re_serc,1.0
13255,re_serc,1.0
13257,re_serc,1.0
13259,re_serc,1.0
13261,re_serc,1.0
13263,re_serc,1.0
13265,re_serc,1.0
13267,re_serc,1.0
13269,re_serc,1.0
13271,re_serc,1.0
13273,re_serc,1.0
13275,re_serc,1.0
13277,re_serc,1.0
13279,re_serc,1.0
13281,re_serc,1.0
13283,re_serc,1.0
13285,re_serc,1.0
13287,re_serc,1.0
13289,re_serc,1.0
13291,re_serc,1.0
13293,re_serc,1.0
13295,re_serc,1.0
13297,re_serc,1.0
13299,re_serc,1.0
13301,re_serc,1.0
13303,re_serc,1.0
13305,re_serc,1.0
13307,re_serc,1.0
13309,re_serc,1.0
13311,re_serc,1.0
13313,re_serc,1.0
13315,re_serc,1.0
13317,re_serc,1.0
13319,re_serc,1.0
13321,re_serc,1.0
16001,re_wecc,1.0
16003,re_wecc,1.0
16005,re_wecc,1.0
16007,re_wecc,1.0
16009,re_wecc,1.0
16011,re_wecc,1.0
16013,re_wecc,1.0
16015,re_wecc,1.0
16017,re_wecc,1.0
16019,re_wecc,1.0
16021,re_wecc,1.0
16023,re_wecc,1.0
16025,re_wecc,1.0
16027,re_wecc,1.0
16029,re_wecc,1.0
16031,re_wecc,1.0
16033,re_wecc,1.0
16035,re_wecc,1.0
16037,re_wecc,1.0
16039,re_wecc,1.0
16041,re_wecc,1.0
16043,re_wecc,1.0
16045,re_wecc,1.0
16047,re_wecc,1.0
16049,re_wecc,1.0
16051,re_wecc,1.0
16053,re_wecc,1.0
16055,re_wecc,1.0
16057,re_wecc,1.0
16059,re_wecc,1.0
16061,re_wecc,1.0
16063,re_wecc,1.0
16065,re_wecc,1.0
16067,re_wecc,1.0
16069,re_wecc,1.0
16071,re_wecc,1.0
16073,re_wecc,1.0
16075,re_wecc,1.0
16077,re_wecc,1.0
16079,re_wecc,1.0
16081,re_wecc,1.0
16083,re_wecc,1.0
16085,re_wecc,1.0
16087,re_wecc,1.0
17001,re_serc,1.0
17003,re_serc,1.0
17005,re_serc,1.0
17007,re_rf,0.99
17009,re_serc,1.0
17011,re_rf,0.92
17013,re_serc,1.0
17015,re_rf,0.97
17017,re_serc,1.0
17019,re_serc,0.82
17021,re_serc,0.93
17023,re_serc,0.89
17025,re_serc,0.78
17027,re_serc,0.91
17029,re_serc,1.0
17031,re_rf,1.0
17033,re_serc,0.88
17035,re_serc,0.84
17037,re_rf,1.0
17039,re_serc,0.88
17041,re_serc,0.92
17043,re_rf,1.0
17045,re_serc,0.92
17047,re_serc,0.92
17049,re_serc,0.85
17051,re_serc,0.94
17053,re_rf,0.92
17055,re_serc,0.69
17057,re_serc,1.0
17059,re_serc,0.8
17061,re_serc,1.0
17063,re_rf,1.0
17065,re_rf,1.0
17067,re_serc,1.0
17069,re_rf,1.0
17071,re_serc,1.0
17073,re_mro,0.66
17075,re_serc,0.92
17077,re_serc,0.91
17079,re_serc,0.88
17081,re_serc,0.84
17083,re_serc,1.0
17085,re_rf,0.97
17087,re_serc,0.79
17089,re_rf,1.0
17091,re_rf,1.0
17093,re_rf,0.92
17095,re_serc,0.88
17097,re_rf,1.0
17099,re_rf,0.92
17101,re_serc,0.88
17103,re_rf,1.0
17105,re_rf,0.92
17107,re_serc,0.89
17109,re_serc,1.0
17111,re_rf,0.99
17113,re_serc,0.82
17115,re_serc,0.84
17117,re_serc,1.0
17119,re_serc,1.0
17121,re_serc,0.86
17123,re_rf,0.92
17125,re_serc,1.0
17127,re_serc,0.86
17129,re_serc,1.0
17131,re_mro,0.65
17133,re_serc,0.91
17135,re_serc,0.94
17137,re_serc,1.0
17139,re_serc,0.87
17141,re_rf,1.0
17143,re_serc,1.0
17145,re_serc,0.83
17147,re_serc,0.83
17149,re_serc,1.0
17151,re_rf,1.0
17153,re_serc,1.0
17155,re_serc,0.88
17157,re_serc,0.91
17159,re_serc,0.82
17161,re_mro,1.0
17163,re_serc,0.84
17165,re_serc,0.86
17167,re_serc,0.99
17169,re_serc,1.0
17171,re_serc,1.0
17173,re_serc,0.86
17175,re_serc,0.88
17177,re_rf,0.99
17179,re_serc,0.89
17181,re_serc,0.91
17183,re_serc,0.92
17185,re_serc,0.86
17187,re_serc,1.0
17189,re_serc,0.83
17191,re_serc,0.84
17193,re_serc,0.8
17195,re_rf,0.97
17197,re_rf,1.0
17199,re_serc,0.79
17201,re_rf,0.99
17203,re_rf,0.92
18001,re_rf,1.0
18003,re_rf,1.0
18005,re_rf,1.0
18007,re_rf,1.0
18009,re_rf,1.0
18011,re_rf,1.0
18013,re_rf,1.0
18015,re_rf,1.0
18017,re_rf,1.0
18019,re_rf,1.0
18021,re_rf,1.0
18023,re_rf,1.0
18025,re_rf,1.0
18027,re_rf,1.0
18029,re_rf,1.0
18031,re_rf,1.0
18033,re_rf,1.0
18035,re_rf,1.0
18037,re_rf,1.0
18039,re_rf,1.0
18041,re_rf,1.0
18043,re_rf,1.0
18045,re_rf,1.0
18047,re_rf,1.0
18049,re_rf,1.0
18051,re_rf,1.0
18053,re_rf,1.0
18055,re_rf,1.0
18057,re_rf,1.0
18059,re_rf,1.0
18061,re_rf,1.0
18063,re_rf,1.0
18065,re_rf,1.0
18067,re_rf,1.0
18069,re_rf,1.0
18071,re_rf,1.0
18073,re_rf,1.0
18075,re_rf,1.0
18077,re_rf,1.0
18079,re_rf,1.0
18081,re_rf,1.0
18083,re_rf,1.0
18085,re_rf,1.0
18087,re_rf,1.0
18089,re_rf,1.0
18091,re_rf,1.0
18093,re_rf,1.0
18095,re_rf,1.0
18097,re_rf,1.0
18099,re_rf,1.0
18101,re_rf,1.0
18103,re_rf,1.0
18105,re_rf,1.0
18107,re_rf,1.0
18109,re_rf,1.0
18111,re_rf,1.0
18113,re_rf,1.0
18115,re_rf,1.0
18117,re_rf,1.0
18119,re_rf,1.0
18121,re_rf,1.0
18123,re_rf,1.0
18125,re_rf,1.0
18127,re_rf,1.0
18129,re_rf,1.0
18131,re_rf,1.0
18133,re_rf,1.0
18135,re_rf,1.0
18137,re_rf,1.0
18139,re_rf,1.0
18141,re_rf,1.0
18143,re_rf,1.0
18145,re_rf,1.0
18147,re_rf,1.0
18149,re_rf,1.0
18151,re_rf,1.0
18153,re_rf,1.0
18155,re_rf,1.0
18157,re_rf,1.0
18159,re_rf,1.0
18161,re_rf,1.0
18163,re_rf,1.0
18165,re_rf,1.0
18167,re_rf,1.0
18169,re_rf,1.0
18171,re_rf,1.0
18173,re_rf,1.0
18175,re_rf,1.0
18177,re_rf,1.0
18179,re_rf,1.0
18181,re_rf,1.0
18183,re_rf,1.0
19001,re_mro,1.0
19003,re_mro,1.0
19005,re_mro,1.0
19007,re_mro,1.0
19009,re_mro,1.0
19011,re_mro,0.93
19013,re_mro,0.97
19015,re_mro,1.0
19017,re_mro,0.96
19019,re_mro,0.89
19021,re_mro,1.0
19023,re_mro,1.0
19025,re_mro,1.0
19027,re_mro,1.0
19029,re_mro,1.0
19031,re_mro,0.88
19033,re_mro,1.0
19035,re_mro,1.0
19037,re_mro,1.0
19039,re_mro,1.0
19041,re_mro,1.0
19043,re_mro,0.69
19045,re_mro,0.92
19047,re_mro,1.0
19049,re_mro,1.0
19051,re_mro,0.87
19053,re_mro,1.0
19055,re_mro,0.69
19057,re_mro,0.9
19059,re_mro,1.0
19061,re_mro,0.76
19063,re_mro,1.0
19065,re_mro,0.9
19067,re_mro,1.0
19069,re_mro,1.0
19071,re_mro,1.0
19073,re_mro,1.0
19075,re_mro,1.0
19077,re_mro,1.0
19079,re_mro,1.0
19081,re_mro,1.0
19083,re_mro,1.0
19085,re_mro,1.0
19087,re_mro,0.9
19089,re_mro,1.0
19091,re_mro,1.0
19093,re_mro,1.0
19095,re_mro,0.94
19097,re_mro,0.84
19099,re_mro,1.0
19101,re_mro,0.87
19103,re_mro,0.97
19105,re_mro,0.88
19107,re_mro,0.87
19109,re_mro,1.0
19111,re_mro,0.87
19113,re_mro,0.83
19115,re_mro,0.9
19117,re_mro,1.0
19119,re_mro,1.0
19121,re_mro,1.0
19123,re_mro,1.0
19125,re_mro,1.0
19127,re_mro,1.0
19129,re_mro,1.0
19131,re_mro,1.0
19133,re_mro,1.0
19135,re_mro,1.0
19137,re_mro,1.0
19139,re_mro,1.0
19141,re_mro,1.0
19143,re_mro,1.0
19145,re_mro,1.0
19147,re_mro,1.0
19149,re_mro,1.0
19151,re_mro,1.0
19153,re_mro,1.0
19155,re_mro,1.0
19157,re_mro,1.0
19159,re_mro,1.0
19161,re_mro,1.0
19163,re_mro,1.0
19165,re_mro,1.0
19167,re_mro,1.0
19169,re_mro,1.0
19171,re_mro,0.9
19173,re_mro,1.0
19175,re_mro,1.0
19177,re_mro,0.87
19179,re_mro,0.87
19181,re_mro,1.0
19183,re_mro,0.96
19185,re_mro,1.0
19187,re_mro,1.0
19189,re_mro,1.0
19191,re_mro,1.0
19193,re_mro,1.0
19195,re_mro,1.0
19197,re_mro,1.0
20001,re_mro,1.0
20003,re_mro,1.0
20005,re_mro,1.0
20007,re_mro,1.0
20009,re_mro,1.0
20011,re_mro,1.0
20013,re_mro,1.0
20015,re_mro,1.0
20017,re_mro,1.0
20019,re_mro,1.0
20021,re_mro,1.0
20023,re_mro,1.0
20025,re_mro,1.0
20027,re_mro,1.0
20029,re_mro,1.0
20031,re_mro,1.0
20033,re_mro,1.0
20035,re_mro,1.0
20037,re_mro,1.0
20039,re_mro,1.0
20041,re_mro,1.0
20043,re_mro,1.0
20045,re_mro,1.0
20047,re_mro,1.0
20049,re_mro,1.0
20051,re_mro,1.0
20053,re_mro,1.0
20055,re_mro,1.0
20057,re_mro,1.0
20059,re_mro,1.0
20061,re_mro,1.0
20063,re_mro,1.0
20065,re_mro,1.0
20067,re_mro,1.0
20069,re_mro,1.0
20071,re_mro,1.0
20073,re_mro,1.0
20075,re_mro,1.0
20077,re_mro,1.0
20079,re_mro,1.0
20081,re_mro,1.0
20083,re_mro,1.0
20085,re_mro,1.0
20087,re_mro,1.0
20089,re_mro,1.0
20091,re_mro,1.0
20093,re_mro,1.0
20095,re_mro,1.0
20097,re_mro,1.0
20099,re_mro,1.0
20101,re_mro,1.0
20103,re_mro,1.0
20105,re_mro,1.0
20107,re_mro,1.0
20109,re_mro,1.0
20111,re_mro,1.0
20113,re_mro,1.0
20115,re_mro,1.0
20117,re_mro,1.0
20119,re_mro,1.0
20121,re_mro,1.0
20123,re_mro,1.0
20125,re_mro,1.0
20127,re_mro,1.0
20129,re_mro,1.0
20131,re_mro,1.0
20133,re_mro,1.0
20135,re_mro,1.0
20137,re_mro,1.0
20139,re_mro,1.0
20141,re_mro,1.0
20143,re_mro,1.0
20145,re_mro,1.0
20147,re_mro,1.0
20149,re_mro,1.0
20151,re_mro,1.0
20153,re_mro,1.0
20155,re_mro,1.0
20157,re_mro,1.0
20159,re_mro,1.0
20161,re_mro,1.0
20163,re_mro,1.0
20165,re_mro,1.0
20167,re_mro,1.0
20169,re_mro,1.0
20171,re_mro,1.0
20173,re_mro,1.0
20175,re_mro,1.0
20177,re_mro,1.0
20179,re_mro,1.0
20181,re_mro,1.0
20183,re_mro,1.0
20185,re_mro,1.0
20187,re_mro,1.0
20189,re_mro,1.0
20191,re_mro,1.0
20193,re_mro,1.0
20195,re_mro,1.0
20197,re_mro,1.0
20199,re_mro,1.0
20201,re_mro,1.0
20203,re_mro,1.0
20205,re_mro,1.0
20207,re_mro,1.0
20209,re_mro,1.0
21001,re_serc,0.75
21003,re_serc,1.0
21005,re_serc,0.51
21007,re_serc,1.0
21009,re_serc,0.92
21011,re_serc,0.75
21013,re_serc,1.0
21015,re_rf,0.77
21017,re_serc,0.77
21019,re_rf,1.0
21021,re_serc,0.77
21023,re_serc,0.54
21025,re_rf,0.77
21027,re_serc,0.38
21029,re_serc,0.85
21031,re_serc,1.0
21033,re_serc,0.63
21035,re_serc,1.0
21037,re_rf,0.64
21039,re_serc,1.0
21041,re_serc,0.54
21043,re_rf,0.76
21045,re_serc,0.72
21047,re_serc,1.0
21049,re_serc,1.0
21051,re_serc,0.62
21053,re_serc,1.0
21055,re_serc,0.63
21057,re_serc,0.75
21059,re_serc,0.89
21061,re_serc,0.87
21063,re_rf,0.8
21065,re_serc,0.82
21067,re_serc,0.77
21069,re_serc,0.69
21071,re_rf,1.0
21073,re_serc,0.85
21075,re_serc,1.0
21077,re_rf,0.64
21079,re_serc,0.68
21081,re_rf,0.58
21083,re_serc,1.0
21085,re_serc,0.76
21087,re_rf,0.58
21089,re_rf,0.76
21091,re_serc,0.55
21093,re_serc,0.9
21095,re_serc,1.0
21097,re_serc,0.72
21099,re_rf,0.58
21101,re_serc,0.82
21103,re_serc,0.95
21105,re_serc,1.0
21107,re_serc,0.44
21109,re_serc,0.56
21111,re_serc,0.9
21113,re_serc,0.72
21115,re_rf,1.0
21117,re_rf,0.77
21119,re_rf,1.0
21121,re_serc,1.0
21123,re_rf,0.67
21125,re_serc,1.0
21127,re_rf,0.79
21129,re_serc,0.81
21131,re_rf,0.56
21133,re_rf,0.75
21135,re_rf,0.81
21137,re_serc,0.89
21139,re_serc,0.85
21141,re_serc,1.0
21143,re_serc,0.63
21145,re_serc,1.0
21147,re_serc,1.0
21149,re_serc,0.63
21151,re_serc,0.56
21153,re_rf,1.0
21155,re_rf,0.61
21157,re_serc,1.0
21159,re_rf,1.0
21161,re_serc,0.69
21163,re_serc,0.93
21165,re_serc,0.5
21167,re_rf,0.6
21169,re_rf,0.66
21171,re_serc,0.54
21173,re_serc,1.0
21175,re_rf,0.82
21177,re_serc,0.75
21179,re_rf,0.6
21181,re_serc,0.54
21183,re_serc,0.84
21185,re_serc,1.0
21187,re_serc,0.54
21189,re_rf,0.69
21191,re_rf,0.66
21193,re_rf,1.0
21195,re_rf,1.0
21197,re_serc,1.0
21199,re_serc,0.89
21201,re_serc,0.54
21203,re_serc,0.89
21205,re_rf,0.48
21207,re_serc,0.81
21209,re_serc,0.41
21211,re_serc,0.88
21213,re_serc,1.0
21215,re_serc,0.87
21217,re_rf,0.58
21219,re_serc,1.0
21221,re_serc,1.0
21223,re_serc,1.0
21225,re_serc,0.63
21227,re_serc,0.94
21229,re_rf,0.6
21231,re_serc,1.0
21233,re_serc,0.63
21235,re_serc,1.0
21237,re_serc,0.58
21239,re_serc,0.84
22001,re_serc,0.72
22003,re_serc,0.69
22005,re_serc,1.0
22007,re_serc,0.65
22009,re_serc,0.72
22011,re_serc,0.67
22013,re_serc,0.51
22015,re_mro,0.53
22017,re_mro,1.0
22019,re_serc,0.69
22021,re_serc,1.0
22023,re_serc,1.0
22025,re_serc,0.62
22027,re_serc,1.0
22029,re_serc,1.0
22031,re_mro,1.0
22033,re_serc,1.0
22035,re_serc,1.0
22037,re_serc,1.0
22039,re_serc,0.61
22041,re_serc,1.0
22043,re_mro,0.62
22045,re_serc,0.72
22047,re_serc,1.0
22049,re_serc,1.0
22051,re_serc,1.0
22053,re_serc,0.69
22055,re_mro,0.7
22057,re_serc,1.0
22059,re_serc,0.62
22061,re_serc,1.0
22063,re_serc,1.0
22065,re_serc,1.0
22067,re_serc,1.0
22069,re_mro,0.69
22071,re_serc,1.0
22073,re_serc,1.0
22075,re_serc,1.0
22077,re_serc,1.0
22079,re_serc,0.8
22081,re_mro,0.64
22083,re_serc,1.0
22085,re_mro,0.64
22087,re_serc,1.0
22089,re_serc,1.0
22091,re_serc,1.0
22093,re_serc,1.0
22095,re_serc,1.0
22097,re_serc,0.72
22099,re_serc,0.74
22101,re_mro,0.74
22103,re_serc,0.75
22105,re_serc,1.0
22107,re_serc,1.0
22109,re_serc,0.62
22111,re_serc,1.0
22113,re_serc,0.73
22115,re_mro,0.57
22117,re_serc,0.75
22119,re_serc,0.51
22121,re_serc,1.0
22123,re_serc,1.0
22125,re_serc,1.0
22127,re_mro,0.53
23001,re_npcc,1.0
23003,re_npcc,1.0
23005,re_npcc,1.0
23007,re_npcc,1.0
23009,re_npcc,1.0
23011,re_npcc,1.0
23013,re_npcc,1.0
23015,re_npcc,1.0
23017,re_npcc,1.0
23019,re_npcc,1.0
23021,re_npcc,1.0
23023,re_npcc,1.0
23025,re_npcc,1.0
23027,re_npcc,1.0
23029,re_npcc,1.0
23031,re_npcc,1.0
24001,re_rf,1.0
24003,re_rf,1.0
24005,re_rf,1.0
24009,re_rf,1.0
24011,re_rf,1.0
24013,re_rf,1.0
24015,re_rf,1.0
24017,re_rf,1.0
24019,re_rf,1.0
24021,re_rf,1.0
24023,re_rf,1.0
24025,re_rf,1.0
24027,re_rf,1.0
24029,re_rf,1.0
24031,re_rf,1.0
24033,re_rf,1.0
24035,re_rf,1.0
24037,re_rf,1.0
24039,re_rf,1.0
24041,re_rf,1.0
24043,re_rf,1.0
24045,re_rf,1.0
24047,re_rf,1.0
24510,re_rf,1.0
25001,re_npcc,1.0
25003,re_npcc,1.0
25005,re_npcc,1.0
25007,re_npcc,1.0
25009,re_npcc,1.0
25011,re_npcc,1.0
25013,re_npcc,1.0
25015,re_npcc,1.0
25017,re_npcc,1.0
25019,re_npcc,1.0
25021,re_npcc,1.0
25023,re_npcc,1.0
25025,re_npcc,1.0
25027,re_npcc,1.0
26001,re_rf,1.0
26003,re_rf,0.83
26005,re_rf,0.93
26007,re_rf,1.0
26009,re_rf,0.86
26011,re_rf,1.0
26013,re_rf,0.77
26015,re_rf,0.87
26017,re_rf,1.0
26019,re_rf,1.0
26021,re_rf,1.0
26023,re_rf,1.0
26025,re_rf,1.0
26027,re_rf,1.0
26029,re_rf,0.86
26031,re_rf,0.87
26033,re_rf,1.0
26035,re_rf,0.87
26037,re_rf,1.0
26039,re_rf,0.86
26041,re_rf,0.96
26043,re_rf,0.69
26045,re_rf,1.0
26047,re_rf,0.87
26049,re_rf,1.0
26051,re_rf,1.0
26053,re_mro,0.54
26055,re_rf,0.9
26057,re_rf,1.0
26059,re_rf,1.0
26061,re_rf,1.0
26063,re_rf,1.0
26065,re_rf,1.0
26067,re_rf,1.0
26069,re_rf,1.0
26071,re_rf,0.83
26073,re_rf,1.0
26075,re_rf,1.0
26077,re_rf,1.0
26079,re_rf,0.88
26081,re_rf,0.86
26083,re_rf,1.0
26085,re_rf,0.86
26087,re_rf,1.0
26089,re_rf,1.0
26091,re_rf,1.0
26093,re_rf,1.0
26095,re_rf,1.0
26097,re_rf,1.0
26099,re_rf,1.0
26101,re_rf,0.88
26103,re_rf,0.87
26105,re_rf,0.86
26107,re_rf,0.87
26109,re_rf,0.83
26111,re_rf,1.0
26113,re_rf,0.86
26115,re_rf,1.0
26117,re_rf,0.96
26119,re_rf,0.88
26121,re_rf,0.86
26123,re_rf,0.86
26125,re_rf,1.0
26127,re_rf,0.86
26129,re_rf,1.0
26131,re_rf,0.66
26133,re_rf,0.87
26135,re_rf,0.87
26137,re_rf,0.87
26139,re_rf,0.93
26141,re_rf,1.0
26143,re_rf,1.0
26145,re_rf,1.0
26147,re_rf,1.0
26149,re_rf,1.0
26151,re_rf,1.0
26153,re_rf,0.89
26155,re_rf,1.0
26157,re_rf,1.0
26159,re_rf,1.0
26161,re_rf,1.0
26163,re_rf,1.0
26165,re_rf,0.88
27001,re_mro,1.0
27003,re_mro,1.0
27005,re_mro,1.0
27007,re_mro,1.0
27009,re_mro,1.0
27011,re_mro,1.0
27013,re_mro,1.0
27015,re_mro,1.0
27017,re_mro,1.0
27019,re_mro,1.0
27021,re_mro,1.0
27023,re_mro,1.0
27025,re_mro,1.0
27027,re_mro,1.0
27029,re_mro,1.0
27031,re_mro,1.0
27033,re_mro,1.0
27035,re_mro,1.0
27037,re_mro,1.0
27039,re_mro,1.0
27041,re_mro,1.0
27043,re_mro,1.0
27045,re_mro,1.0
27047,re_mro,1.0
27049,re_mro,1.0
27051,re_mro,1.0
27053,re_mro,1.0
27055,re_mro,1.0
27057,re_mro,1.0
27059,re_mro,1.0
27061,re_mro,1.0
27063,re_mro,1.0
27065,re_mro,1.0
27067,re_mro,1.0
27069,re_mro,1.0
27071,re_mro,1.0
27073,re_mro,1.0
27075,re_mro,1.0
27079,re_mro,1.0
27081,re_mro,1.0
27083,re_mro,1.0
27085,re_mro,1.0
27087,re_mro,1.0
27089,re_mro,1.0
27091,re_mro,1.0
27093,re_mro,1.0
27095,re_mro,1.0
27097,re_mro,1.0
27099,re_mro,1.0
27101,re_mro,1.0
27103,re_mro,1.0
27105,re_mro,1.0
27107,re_mro,1.0
27109,re_mro,1.0
27111,re_mro,1.0
27113,re_mro,1.0
27115,re_mro,1.0
27117,re_mro,1.0
27119,re_mro,1.0
27121,re_mro,1.0
27123,re_mro,1.0
27125,re_mro,1.0
27127,re_mro,1.0
27129,re_mro,1.0
27131,re_mro,1.0
27133,re_mro,1.0
27135,re_mro,1.0
27137,re_mro,1.0
27139,re_mro,1.0
27141,re_mro,1.0
27143,re_mro,1.0
27145,re_mro,1.0
27147,re_mro,1.0
27149,re_mro,1.0
27151,re_mro,1.0
27153,re_mro,1.0
27155,re_mro,1.0
27157,re_mro,1.0
27159,re_mro,1.0
27161,re_mro,1.0
27163,re_mro,1.0
27165,re_mro,1.0
27167,re_mro,1.0
27169,re_mro,1.0
27171,re_mro,1.0
27173,re_mro,1.0
28001,re_serc,1.0
28003,re_serc,1.0
28005,re_serc,1.0
28007,re_serc,1.0
28009,re_serc,1.0
28011,re_serc,1.0
28013,re_serc,1.0
28015,re_serc,1.0
28017,re_serc,1.0
28019,re_serc,1.0
28021,re_serc,1.0
28023,re_serc,1.0
28025,re_serc,1.0
28027,re_serc,1.0
28029,re_serc,1.0
28031,re_serc,1.0
28033,re_serc,1.0
28035,re_serc,1.0
28037,re_serc,1.0
28039,re_serc,1.0
28041,re_serc,1.0
28043,re_serc,1.0
28045,re_serc,1.0
28047,re_serc,1.0
28049,re_serc,1.0
28051,re_serc,1.0
28053,re_serc,1.0
28055,re_serc,1.0
28057,re_serc,1.0
28059,re_serc,1.0
28061,re_serc,1.0
28063,re_serc,1.0
28065,re_serc,1.0
28067,re_serc,1.0
28069,re_serc,1.0
28071,re_serc,1.0
28073,re_serc,1.0
28075,re_serc,1.0
28077,re_serc,1.0
28079,re_serc,1.0
28081,re_serc,1.0
28083,re_serc,1.0
28085,re_serc,1.0
28087,re_serc,1.0
28089,re_serc,1.0
28091,re_serc,1.0
28093,re_serc,1.0
28095,re_serc,1.0
28097,re_serc,1.0
28099,re_serc,1.0
28101,re_serc,1.0
28103,re_serc,1.0
28105,re_serc,1.0
28107,re_serc,1.0
28109,re_serc,1.0
28111,re_serc,1.0
28113,re_serc,1.0
28115,re_serc,1.0
28117,re_serc,1.0
28119,re_serc,1.0
28121,re_serc,1.0
28123,re_serc,1.0
28125,re_serc,1.0
28127,re_serc,1.0
28129,re_serc,1.0
28131,re_serc,1.0
28133,re_serc,1.0
28135,re_serc,1.0
28137,re_serc,1.0
28139,re_serc,1.0
28141,re_serc,1.0
28143,re_serc,1.0
28145,re_serc,1.0
28147,re_serc,1.0
28149,re_serc,1.0
28151,re_serc,1.0
28153,re_serc,1.0
28155,re_serc,1.0
28157,re_serc,1.0
28159,re_serc,1.0
28161,re_serc,1.0
28163,re_serc,1.0
29001,re_serc,1.0
29003,re_mro,1.0
29005,re_mro,1.0
29007,re_serc,1.0
29009,re_mro,0.68
29011,re_mro,1.0
29013,re_mro,0.93
29015,re_serc,0.56
29017,re_serc,1.0
29019,re_serc,1.0
29021,re_mro,0.74
29023,re_serc,0.71
29025,re_serc,1.0
29027,re_serc,1.0
29029,re_serc,1.0
29031,re_serc,1.0
29033,re_mro,0.96
29035,re_serc,1.0
29037,re_mro,0.85
29039,re_mro,0.85
29041,re_serc,0.5
29043,re_serc,0.59
29045,re_serc,1.0
29047,re_mro,0.59
29049,re_serc,0.69
29051,re_serc,1.0
29053,re_serc,1.0
29055,re_serc,1.0
29057,re_mro,0.74
29059,re_serc,0.54
29061,re_serc,0.65
29063,re_serc,0.69
29065,re_serc,1.0
29067,re_serc,1.0
29069,re_serc,1.0
29071,re_serc,1.0
29073,re_serc,1.0
29075,re_serc,0.63
29077,re_mro,0.92
29079,re_mro,1.0
29081,re_mro,0.89
29083,re_mro,0.82
29085,re_mro,0.73
29087,re_mro,1.0
29089,re_serc,0.53
29091,re_serc,1.0
29093,re_serc,1.0
29095,re_mro,0.97
29097,re_mro,0.71
29099,re_serc,1.0
29101,re_mro,0.85
29103,re_serc,1.0
29105,re_serc,1.0
29107,re_mro,0.91
29109,re_mro,0.64
29111,re_serc,1.0
29113,re_serc,1.0
29115,re_serc,1.0
29117,re_mro,0.62
29119,re_mro,0.79
29121,re_serc,1.0
29123,re_serc,1.0
29125,re_serc,1.0
29127,re_serc,1.0
29129,re_mro,1.0
29131,re_serc,1.0
29133,re_serc,1.0
29135,re_serc,1.0
29137,re_serc,1.0
29139,re_serc,1.0
29141,re_serc,1.0
29143,re_serc,0.86
29145,re_serc,1.0
29147,re_mro,1.0
29149,re_serc,1.0
29151,re_serc,1.0
29153,re_serc,1.0
29155,re_serc,1.0
29157,re_serc,1.0
29159,re_mro,0.52
29161,re_serc,1.0
29163,re_serc,1.0
29165,re_mro,0.9
29167,re_mro,0.58
29169,re_serc,1.0
29173,re_serc,1.0
29175,re_serc,0.55
29177,re_serc,0.69
29179,re_serc,1.0
29181,re_serc,1.0
29183,re_serc,1.0
29185,re_mro,0.77
29186,re_serc,1.0
29187,re_serc,1.0
29189,re_serc,1.0
29195,re_serc,0.55
29197,re_serc,1.0
29199,re_serc,1.0
29201,re_serc,0.84
29203,re_serc,1.0
29205,re_serc,1.0
29207,re_serc,1.0
29209,re_mro,0.52
29211,re_serc,1.0
29213,re_mro,0.52
29215,re_serc,1.0
29217,re_mro,0.82
29219,re_serc,1.0
29221,re_serc,1.0
29223,re_serc,1.0
29225,re_serc,1.0
29227,re_mro,1.0
29229,re_serc,1.0
29510,re_serc,0.65
30001,re_wecc,1.0
30003,re_wecc,1.0
30005,re_wecc,1.0
30007,re_wecc,1.0
30009,re_wecc,1.0
30011,re_wecc,1.0
30013,re_wecc,1.0
30015,re_wecc,1.0
30017,re_mro,1.0
30019,re_mro,1.0
30021,re_mro,1.0
30023,re_wecc,1.0
30025,re_mro,1.0
30027,re_wecc,1.0
30029,re_wecc,1.0
30031,re_wecc,1.0
30037,re_wecc,1.0
30039,re_wecc,1.0
30041,re_wecc,1.0
30043,re_wecc,1.0
30045,re_wecc,1.0
30047,re_wecc,1.0
30049,re_wecc,1.0
30051,re_wecc,1.0
30053,re_wecc,1.0
30055,re_mro,1.0
30057,re_wecc,1.0
30059,re_wecc,1.0
30061,re_wecc,1.0
30063,re_wecc,1.0
30065,re_wecc,1.0
30067,re_wecc,1.0
30069,re_wecc,1.0
30071,re_wecc,1.0
30073,re_wecc,1.0
30075,re_wecc,1.0
30077,re_wecc,1.0
30079,re_mro,1.0
30081,re_wecc,1.0
30083,re_mro,1.0
30085,re_mro,1.0
30087,re_wecc,0.84
30089,re_wecc,1.0
30091,re_mro,1.0
30093,re_wecc,1.0
30095,re_wecc,1.0
30097,re_wecc,1.0
30099,re_wecc,1.0
30103,re_wecc,1.0
30105,re_wecc,1.0
30107,re_wecc,1.0
30109,re_mro,1.0
30111,re_wecc,1.0
31001,re_mro,1.0
31003,re_mro,1.0
31007,re_wecc,1.0
31009,re_mro,1.0
31011,re_mro,1.0
31013,re_mro,1.0
31015,re_mro,1.0
31017,re_mro,1.0
31019,re_mro,1.0
31021,re_mro,1.0
31023,re_mro,1.0
31025,re_mro,1.0
31027,re_mro,1.0
31029,re_mro,0.82
31031,re_mro,1.0
31033,re_wecc,1.0
31035,re_mro,1.0
31037,re_mro,1.0
31039,re_mro,1.0
31041,re_mro,1.0
31043,re_mro,1.0
31045,re_mro,1.0
31047,re_mro,1.0
31049,re_mro,0.82
31051,re_mro,1.0
31053,re_mro,1.0
31055,re_mro,1.0
31057,re_mro,0.65
31059,re_mro,1.0
31061,re_mro,1.0
31063,re_mro,1.0
31067,re_mro,1.0
31069,re_mro,1.0
31071,re_mro,1.0
31073,re_mro,1.0
31075,re_mro,1.0
31077,re_mro,1.0
31079,re_mro,1.0
31081,re_mro,1.0
31083,re_mro,1.0
31085,re_mro,1.0
31087,re_mro,1.0
31089,re_mro,1.0
31091,re_mro,1.0
31093,re_mro,1.0
31095,re_mro,1.0
31097,re_mro,1.0
31099,re_mro,1.0
31101,re_mro,1.0
31105,re_wecc,1.0
31107,re_mro,1.0
31109,re_mro,1.0
31111,re_mro,1.0
31113,re_mro,1.0
31115,re_mro,1.0
31117,re_mro,1.0
31119,re_mro,1.0
31121,re_mro,1.0
31123,re_mro,0.75
31125,re_mro,1.0
31127,re_mro,1.0
31129,re_mro,1.0
31131,re_mro,1.0
31133,re_mro,1.0
31135,re_mro,0.87
31137,re_mro,1.0
31139,re_mro,1.0
31141,re_mro,1.0
31145,re_mro,1.0
31147,re_mro,1.0
31149,re_mro,1.0
31151,re_mro,1.0
31153,re_mro,1.0
31155,re_mro,1.0
31157,re_mro,1.0
31159,re_mro,1.0
31161,re_mro,1.0
31163,re_mro,1.0
31165,re_mro,1.0
31167,re_mro,1.0
31169,re_mro,1.0
31171,re_mro,1.0
31173,re_mro,1.0
31175,re_mro,1.0
31177,re_mro,1.0
31179,re_mro,1.0
31181,re_mro,1.0
31183,re_mro,1.0
31185,re_mro,1.0
32001,re_wecc,1.0
32003,re_wecc,1.0
32005,re_wecc,1.0
32007,re_wecc,1.0
32009,re_wecc,1.0
32011,re_wecc,1.0
32013,re_wecc,1.0
32015,re_wecc,1.0
32019,re_wecc,1.0
32021,re_wecc,1.0
32023,re_wecc,1.0
32027,re_wecc,1.0
32029,re_wecc,1.0
32031,re_wecc,1.0
32033,re_wecc,1.0
32510,re_wecc,1.0
33001,re_npcc,1.0
33003,re_npcc,1.0
33005,re_npcc,1.0
33007,re_npcc,1.0
33009,re_npcc,1.0
33011,re_npcc,1.0
33013,re_npcc,1.0
33015,re_npcc,1.0
33017,re_npcc,1.0
33019,re_npcc,1.0
34001,re_rf,1.0
34003,re_rf,0.87
34005,re_rf,1.0
34007,re_rf,1.0
34009,re_rf,1.0
34011,re_rf,1.0
34013,re_rf,1.0
34015,re_rf,1.0
34017,re_rf,1.0
34019,re_rf,1.0
34021,re_rf,1.0
34023,re_rf,1.0
34025,re_rf,1.0
34027,re_rf,1.0
34029,re_rf,1.0
34031,re_rf,0.91
34033,re_rf,1.0
34035,re_rf,1.0
34037,re_rf,0.78
34039,re_rf,1.0
34041,re_rf,1.0
35001,re_wecc,1.0
35003,re_wecc,1.0
35005,re_mro,0.81
35006,re_wecc,1.0
35007,re_wecc,1.0
35009,re_wecc,0.54
35011,re_mro,0.64
35013,re_wecc,1.0
35015,re_mro,0.99
35017,re_wecc,1.0
35019,re_mro,0.5
35021,re_mro,0.62
35023,re_wecc,1.0
35025,re_mro,1.0
35027,re_wecc,1.0
35028,re_wecc,1.0
35029,re_wecc,1.0
35031,re_wecc,1.0
35033,re_wecc,1.0
35035,re_wecc,0.94
35037,re_mro,0.98
35039,re_wecc,1.0
35041,re_mro,1.0
35043,re_wecc,1.0
35045,re_wecc,1.0
35047,re_wecc,0.94
35049,re_wecc,1.0
35051,re_wecc,1.0
35053,re_wecc,1.0
35055,re_wecc,1.0
35057,re_wecc,1.0
35059,re_wecc,1.0
35061,re_wecc,1.0
36001,re_npcc,1.0
36003,re_npcc,1.0
36005,re_npcc,1.0
36007,re_npcc,1.0
36009,re_npcc,1.0
36011,re_npcc,1.0
36013,re_npcc,1.0
36015,re_npcc,0.92
36017,re_npcc,1.0
36019,re_npcc,1.0
36021,re_npcc,1.0
36023,re_npcc,1.0
36025,re_npcc,1.0
36027,re_npcc,1.0
36029,re_npcc,1.0
36031,re_npcc,1.0
36033,re_npcc,1.0
36035,re_npcc,1.0
36037,re_npcc,1.0
36039,re_npcc,1.0
36041,re_npcc,1.0
36043,re_npcc,1.0
36045,re_npcc,1.0
36047,re_npcc,1.0
36049,re_npcc,1.0
36051,re_npcc,1.0
36053,re_npcc,1.0
36055,re_npcc,1.0
36057,re_npcc,1.0
36059,re_npcc,1.0
36061,re_npcc,1.0
36063,re_npcc,1.0
36065,re_npcc,1.0
36067,re_npcc,1.0
36069,re_npcc,1.0
36071,re_npcc,1.0
36073,re_npcc,1.0
36075,re_npcc,1.0
36077,re_npcc,1.0
36079,re_npcc,1.0
36081,re_npcc,1.0
36083,re_npcc,1.0
36085,re_npcc,1.0
36087,re_npcc,1.0
36089,re_npcc,1.0
36091,re_npcc,1.0
36093,re_npcc,1.0
36095,re_npcc,1.0
36097,re_npcc,1.0
36099,re_npcc,1.0
36101,re_npcc,1.0
36103,re_npcc,1.0
36105,re_npcc,1.0
36107,re_npcc,0.92
36109,re_npcc,1.0
36111,re_npcc,1.0
36113,re_npcc,1.0
36115,re_npcc,1.0
36117,re_npcc,1.0
36119,re_npcc,1.0
36121,re_npcc,1.0
36123,re_npcc,1.0
37001,re_serc,1.0
37003,re_serc,1.0
37005,re_serc,1.0
37007,re_serc,1.0
37009,re_serc,1.0
37011,re_serc,1.0
37013,re_serc,1.0
37015,re_serc,1.0
37017,re_serc,1.0
37019,re_serc,1.0
37021,re_serc,1.0
37023,re_serc,1.0
37025,re_serc,1.0
37027,re_serc,1.0
37029,re_serc,1.0
37031,re_serc,1.0
37033,re_serc,1.0
37035,re_serc,1.0
37037,re_serc,1.0
37039,re_serc,1.0
37041,re_serc,1.0
37043,re_serc,1.0
37045,re_serc,1.0
37047,re_serc,1.0
37049,re_serc,1.0
37051,re_serc,1.0
37053,re_serc,1.0
37055,re_serc,1.0
37057,re_serc,1.0
37059,re_serc,1.0
37061,re_serc,1.0
37063,re_serc,1.0
37065,re_serc,1.0
37067,re_serc,1.0
37069,re_serc,1.0
37071,re_serc,1.0
37073,re_serc,1.0
37075,re_serc,1.0
37077,re_serc,1.0
37079,re_serc,1.0
37081,re_serc,1.0
37083,re_serc,1.0
37085,re_serc,1.0
37087,re_serc,1.0
37089,re_serc,1.0
37091,re_serc,1.0
37093,re_serc,1.0
37095,re_serc,1.0
37097,re_serc,1.0
37099,re_serc,1.0
37101,re_serc,1.0
37103,re_serc,1.0
37105,re_serc,1.0
37107,re_serc,1.0
37109,re_serc,1.0
37111,re_serc,1.0
37113,re_serc,1.0
37115,re_serc,1.0
37117,re_serc,1.0
37119,re_serc,1.0
37121,re_serc,1.0
37123,re_serc,1.0
37125,re_serc,1.0
37127,re_serc,1.0
37129,re_serc,1.0
37131,re_serc,1.0
37133,re_serc,1.0
37135,re_serc,1.0
37137,re_serc,1.0
37139,re_serc,1.0
37141,re_serc,1.0
37143,re_serc,1.0
37145,re_serc,1.0
37147,re_serc,1.0
37149,re_serc,1.0
37151,re_serc,1.0
37153,re_serc,1.0
37155,re_serc,1.0
37157,re_serc,1.0
37159,re_serc,1.0
37161,re_serc,1.0
37163,re_serc,1.0
37165,re_serc,1.0
37167,re_serc,1.0
37169,re_serc,1.0
37171,re_serc,1.0
37173,re_serc,1.0
37175,re_serc,1.0
37177,re_serc,1.0
37179,re_serc,1.0
37181,re_serc,1.0
37183,re_serc,1.0
37185,re_serc,1.0
37187,re_serc,1.0
37189,re_serc,1.0
37191,re_serc,1.0
37193,re_serc,1.0
37195,re_serc,1.0
37197,re_serc,1.0
37199,re_serc,1.0
38001,re_mro,1.0
38003,re_mro,1.0
38005,re_mro,1.0
38007,re_mro,1.0
38009,re_mro,1.0
38011,re_mro,1.0
38013,re_mro,1.0
38015,re_mro,1.0
38017,re_mro,1.0
38019,re_mro,1.0
38021,re_mro,1.0
38023,re_mro,1.0
38025,re_mro,1.0
38027,re_mro,1.0
38029,re_mro,1.0
38031,re_mro,1.0
38033,re_mro,1.0
38035,re_mro,1.0
38037,re_mro,1.0
38039,re_mro,1.0
38041,re_mro,1.0
38043,re_mro,1.0
38045,re_mro,1.0
38047,re_mro,1.0
38049,re_mro,1.0
38051,re_mro,1.0
38053,re_mro,1.0
38055,re_mro,1.0
38057,re_mro,1.0
38059,re_mro,1.0
38061,re_mro,1.0
38063,re_mro,1.0
38065,re_mro,1.0
38067,re_mro,1.0
38069,re_mro,1.0
38071,re_mro,1.0
38073,re_mro,1.0
38075,re_mro,1.0
38077,re_mro,1.0
38079,re_mro,1.0
38081,re_mro,1.0
38083,re_mro,1.0
38085,re_mro,1.0
38087,re_mro,1.0
38089,re_mro,1.0
38091,re_mro,1.0
38093,re_mro,1.0
38095,re_mro,1.0
38097,re_mro,1.0
38099,re_mro,1.0
38101,re_mro,1.0
38103,re_mro,1.0
38105,re_mro,1.0
39001,re_rf,1.0
39003,re_rf,1.0
39005,re_rf,1.0
39007,re_rf,1.0
39009,re_rf,1.0
39011,re_rf,1.0
39013,re_rf,1.0
39015,re_rf,1.0
39017,re_rf,1.0
39019,re_rf,1.0
39021,re_rf,1.0
39023,re_rf,1.0
39025,re_rf,1.0
39027,re_rf,1.0
39029,re_rf,1.0
39031,re_rf,1.0
39033,re_rf,1.0
39035,re_rf,1.0
39037,re_rf,1.0
39039,re_rf,1.0
39041,re_rf,1.0
39043,re_rf,1.0
39045,re_rf,1.0
39047,re_rf,1.0
39049,re_rf,1.0
39051,re_rf,1.0
39053,re_rf,1.0
39055,re_rf,1.0
39057,re_rf,1.0
39059,re_rf,1.0
39061,re_rf,1.0
39063,re_rf,1.0
39065,re_rf,1.0
39067,re_rf,1.0
39069,re_rf,1.0
39071,re_rf,1.0
39073,re_rf,1.0
39075,re_rf,1.0
39077,re_rf,1.0
39079,re_rf,1.0
39081,re_rf,1.0
39083,re_rf,1.0
39085,re_rf,1.0
39087,re_rf,1.0
39089,re_rf,1.0
39091,re_rf,1.0
39093,re_rf,1.0
39095,re_rf,1.0
39097,re_rf,1.0
39099,re_rf,1.0
39101,re_rf,1.0
39103,re_rf,1.0
39105,re_rf,1.0
39107,re_rf,1.0
39109,re_rf,1.0
39111,re_rf,1.0
39113,re_rf,1.0
39115,re_rf,1.0
39117,re_rf,1.0
39119,re_rf,1.0
39121,re_rf,1.0
39123,re_rf,1.0
39125,re_rf,1.0
39127,re_rf,1.0
39129,re_rf,1.0
39131,re_rf,1.0
39133,re_rf,1.0
39135,re_rf,1.0
39137,re_rf,1.0
39139,re_rf,1.0
39141,re_rf,1.0
39143,re_rf,1.0
39145,re_rf,1.0
39147,re_rf,1.0
39149,re_rf,1.0
39151,re_rf,1.0
39153,re_rf,1.0
39155,re_rf,1.0
39157,re_rf,1.0
39159,re_rf,1.0
39161,re_rf,1.0
39163,re_rf,1.0
39165,re_rf,1.0
39167,re_rf,1.0
39169,re_rf,1.0
39171,re_rf,1.0
39173,re_rf,1.0
39175,re_rf,1.0
40001,re_mro,0.95
40003,re_mro,1.0
40005,re_mro,1.0
40007,re_mro,1.0
40009,re_mro,1.0
40011,re_mro,1.0
40013,re_mro,1.0
40015,re_mro,1.0
40017,re_mro,1.0
40019,re_mro,1.0
40021,re_mro,1.0
40023,re_mro,1.0
40025,re_mro,1.0
40027,re_mro,1.0
40029,re_mro,1.0
40031,re_mro,1.0
40033,re_mro,1.0
40035,re_mro,1.0
40037,re_mro,0.92
40039,re_mro,1.0
40041,re_mro,1.0
40043,re_mro,1.0
40045,re_mro,1.0
40047,re_mro,0.86
40049,re_mro,1.0
40051,re_mro,1.0
40053,re_mro,1.0
40055,re_mro,1.0
40057,re_mro,1.0
40059,re_mro,1.0
40061,re_mro,1.0
40063,re_mro,1.0
40065,re_mro,1.0
40067,re_mro,1.0
40069,re_mro,1.0
40071,re_mro,1.0
40073,re_mro,1.0
40075,re_mro,1.0
40077,re_mro,1.0
40079,re_mro,0.96
40081,re_mro,0.87
40083,re_mro,0.84
40085,re_mro,1.0
40087,re_mro,1.0
40089,re_mro,0.99
40091,re_mro,1.0
40093,re_mro,1.0
40095,re_mro,1.0
40097,re_mro,1.0
40099,re_mro,1.0
40101,re_mro,1.0
40103,re_mro,0.86
40105,re_mro,1.0
40107,re_mro,1.0
40109,re_mro,0.96
40111,re_mro,1.0
40113,re_mro,1.0
40115,re_mro,1.0
40117,re_mro,0.85
40119,re_mro,0.93
40121,re_mro,1.0
40123,re_mro,1.0
40125,re_mro,1.0
40127,re_mro,1.0
40129,re_mro,1.0
40131,re_mro,1.0
40133,re_mro,1.0
40135,re_mro,0.93
40137,re_mro,1.0
40139,re_mro,1.0
40141,re_mro,1.0
40143,re_mro,1.0
40145,re_mro,1.0
40147,re_mro,1.0
40149,re_mro,1.0
40151,re_mro,1.0
40153,re_mro,1.0
41001,re_wecc,1.0
41003,re_wecc,1.0
41005,re_wecc,1.0
41007,re_wecc,1.0
41009,re_wecc,1.0
41011,re_wecc,1.0
41013,re_wecc,1.0
41015,re_wecc,1.0
41017,re_wecc,1.0
41019,re_wecc,1.0
41021,re_wecc,1.0
41023,re_wecc,1.0
41025,re_wecc,1.0
41027,re_wecc,1.0
41029,re_wecc,1.0
41031,re_wecc,1.0
41033,re_wecc,1.0
41035,re_wecc,1.0
41037,re_wecc,1.0
41039,re_wecc,1.0
41041,re_wecc,1.0
41043,re_wecc,1.0
41045,re_wecc,1.0
41047,re_wecc,1.0
41049,re_wecc,1.0
41051,re_wecc,1.0
41053,re_wecc,1.0
41055,re_wecc,1.0
41057,re_wecc,1.0
41059,re_wecc,1.0
41061,re_wecc,1.0
41063,re_wecc,1.0
41065,re_wecc,1.0
41067,re_wecc,1.0
41071,re_wecc,1.0
42001,re_rf,1.0
42003,re_rf,1.0
42005,re_rf,1.0
42007,re_rf,1.0
42009,re_rf,1.0
42011,re_rf,1.0
42013,re_rf,1.0
42015,re_rf,1.0
42017,re_rf,1.0
42019,re_rf,1.0
42021,re_rf,1.0
42023,re_rf,1.0
42025,re_rf,1.0
42027,re_rf,1.0
42029,re_rf,1.0
42031,re_rf,1.0
42033,re_rf,1.0
42035,re_rf,1.0
42037,re_rf,1.0
42039,re_rf,1.0
42041,re_rf,1.0
42043,re_rf,1.0
42045,re_rf,1.0
42047,re_rf,1.0
42049,re_rf,1.0
42051,re_rf,1.0
42053,re_rf,1.0
42055,re_rf,1.0
42057,re_rf,1.0
42059,re_rf,1.0
42061,re_rf,1.0
42063,re_rf,1.0
42065,re_rf,1.0
42067,re_rf,1.0
42069,re_rf,1.0
42071,re_rf,1.0
42073,re_rf,1.0
42075,re_rf,1.0
42077,re_rf,1.0
42079,re_rf,1.0
42081,re_rf,1.0
42083,re_rf,1.0
42085,re_rf,1.0
42087,re_rf,1.0
42089,re_rf,1.0
42091,re_rf,1.0
42093,re_rf,1.0
42095,re_rf,1.0
42097,re_rf,1.0
42099,re_rf,1.0
42101,re_rf,1.0
42103,re_rf,0.94
42105,re_rf,1.0
42107,re_rf,1.0
42109,re_rf,1.0
42111,re_rf,1.0
42113,re_rf,1.0
42115,re_rf,1.0
42117,re_rf,1.0
42119,re_rf,1.0
42121,re_rf,1.0
42123,re_rf,1.0
42125,re_rf,1.0
42127,re_rf,1.0
42129,re_rf,1.0
42131,re_rf,1.0
42133,re_rf,1.0
44001,re_npcc,1.0
44003,re_npcc,1.0
44005,re_npcc,1.0
44007,re_npcc,1.0
44009,re_npcc,1.0
45001,re_serc,1.0
45003,re_serc,1.0
45005,re_serc,1.0
45007,re_serc,1.0
45009,re_serc,1.0
45011,re_serc,1.0
45013,re_serc,1.0
45015,re_serc,1.0
45017,re_serc,1.0
45019,re_serc,1.0
45021,re_serc,1.0
45023,re_serc,1.0
45025,re_serc,1.0
45027,re_serc,1.0
45029,re_serc,1.0
45031,re_serc,1.0
45033,re_serc,1.0
45035,re_serc,1.0
45037,re_serc,1.0
45039,re_serc,1.0
45041,re_serc,1.0
45043,re_serc,1.0
45045,re_serc,1.0
45047,re_serc,1.0
45049,re_serc,1.0
45051,re_serc,1.0
45053,re_serc,1.0
45055,re_serc,1.0
45057,re_serc,1.0
45059,re_serc,1.0
45061,re_serc,1.0
45063,re_serc,1.0
45065,re_serc,1.0
45067,re_serc,1.0
45069,re_serc,1.0
45071,re_serc,1.0
45073,re_serc,1.0
45075,re_serc,1.0
45077,re_serc,1.0
45079,re_serc,1.0
45081,re_serc,1.0
45083,re_serc,1.0
45085,re_serc,1.0
45087,re_serc,1.0
45089,re_serc,1.0
45091,re_serc,1.0
46003,re_mro,1.0
46005,re_mro,1.0
46009,re_mro,1.0
46011,re_mro,1.0
46013,re_mro,1.0
46015,re_mro,1.0
46017,re_mro,1.0
46019,re_wecc,1.0
46021,re_mro,1.0
46023,re_mro,1.0
46025,re_mro,1.0
46027,re_mro,1.0
46029,re_mro,1.0
46031,re_mro,1.0
46033,re_wecc,1.0
46035,re_mro,1.0
46037,re_mro,1.0
46039,re_mro,1.0
46043,re_mro,1.0
46045,re_mro,1.0
46047,re_wecc,1.0
46049,re_mro,1.0
46051,re_mro,1.0
46053,re_mro,1.0
46055,re_mro,1.0
46057,re_mro,1.0
46059,re_mro,1.0
46061,re_mro,1.0
46063,re_mro,1.0
46065,re_mro,1.0
46067,re_mro,1.0
46069,re_mro,1.0
46071,re_mro,1.0
46073,re_mro,1.0
46077,re_mro,1.0
46079,re_mro,1.0
46081,re_wecc,1.0
46083,re_mro,1.0
46085,re_mro,1.0
46087,re_mro,1.0
46089,re_mro,1.0
46091,re_mro,1.0
46093,re_wecc,0.82
46095,re_mro,1.0
46097,re_mro,1.0
46099,re_mro,1.0
46101,re_mro,1.0
46102,re_mro,0.72
46103,re_wecc,0.82
46105,re_mro,1.0
46107,re_mro,1.0
46109,re_mro,1.0
46111,re_mro,1.0
46115,re_mro,1.0
46119,re_mro,1.0
46123,re_mro,1.0
46125,re_mro,1.0
46127,re_mro,1.0
46129,re_mro,1.0
46135,re_mro,1.0
46137,re_mro,1.0
47001,re_serc,1.0
47003,re_serc,1.0
47005,re_serc,1.0
47007,re_serc,1.0
47009,re_serc,1.0
47011,re_serc,1.0
47013,re_serc,1.0
47015,re_serc,1.0
47017,re_serc,1.0
47019,re_serc,1.0
47021,re_serc,1.0
47023,re_serc,1.0
47025,re_serc,1.0
47027,re_serc,1.0
47029,re_serc,1.0
47031,re_serc,1.0
47033,re_serc,1.0
47035,re_serc,1.0
47037,re_serc,1.0
47039,re_serc,1.0
47041,re_serc,1.0
47043,re_serc,1.0
47045,re_serc,1.0
47047,re_serc,1.0
47049,re_serc,1.0
47051,re_serc,1.0
47053,re_serc,1.0
47055,re_serc,1.0
47057,re_serc,1.0
47059,re_serc,1.0
47061,re_serc,1.0
47063,re_serc,1.0
47065,re_serc,1.0
47067,re_serc,1.0
47069,re_serc,1.0
47071,re_serc,1.0
47073,re_serc,0.57
47075,re_serc,1.0
47077,re_serc,1.0
47079,re_serc,1.0
47081,re_serc,1.0
47083,re_serc,1.0
47085,re_serc,1.0
47087,re_serc,1.0
47089,re_serc,1.0
47091,re_serc,1.0
47093,re_serc,1.0
47095,re_serc,1.0
47097,re_serc,1.0
47099,re_serc,1.0
47101,re_serc,1.0
47103,re_serc,1.0
47105,re_serc,1.0
47107,re_serc,1.0
47109,re_serc,1.0
47111,re_serc,1.0
47113,re_serc,1.0
47115,re_serc,1.0
47117,re_serc,1.0
47119,re_serc,1.0
47121,re_serc,1.0
47123,re_serc,1.0
47125,re_serc,1.0
47127,re_serc,1.0
47129,re_serc,1.0
47131,re_serc,1.0
47133,re_serc,1.0
47135,re_serc,1.0
47137,re_serc,1.0
47139,re_serc,1.0
47141,re_serc,1.0
47143,re_serc,1.0
47145,re_serc,1.0
47147,re_serc,1.0
47149,re_serc,1.0
47151,re_serc,1.0
47153,re_serc,1.0
47155,re_serc,1.0
47157,re_serc,1.0
47159,re_serc,1.0
47161,re_serc,1.0
47163,re_serc,0.79
47165,re_serc,1.0
47167,re_serc,1.0
47169,re_serc,1.0
47171,re_serc,1.0
47173,re_serc,1.0
47175,re_serc,1.0
47177,re_serc,1.0
47179,re_serc,0.65
47181,re_serc,1.0
47183,re_serc,1.0
47185,re_serc,1.0
47187,re_serc,1.0
47189,re_serc,1.0
48001,re_tre,0.74
48003,re_tre,0.83
48005,re_tre,0.75
48007,re_tre,1.0
48009,re_tre,1.0
48011,re_mro,1.0
48013,re_tre,1.0
48015,re_tre,1.0
48017,re_mro,1.0
48019,re_tre,1.0
48021,re_tre,1.0
48023,re_tre,1.0
48025,re_tre,1.0
48027,re_tre,1.0
48029,re_tre,1.0
48031,re_tre,1.0
48033,re_tre,0.84
48035,re_tre,1.0
48037,re_mro,0.96
48039,re_tre,1.0
48041,re_tre,0.8
48043,re_tre,1.0
48045,re_mro,0.64
48047,re_tre,1.0
48049,re_tre,1.0
48051,re_tre,0.66
48053,re_tre,1.0
48055,re_tre,1.0
48057,re_tre,1.0
48059,re_tre,1.0
48061,re_tre,1.0
48063,re_mro,1.0
48065,re_mro,1.0
48067,re_mro,0.97
48069,re_mro,1.0
48071,re_tre,0.92
48073,re_tre,1.0
48075,re_mro,0.52
48077,re_tre,1.0
48079,re_mro,1.0
48081,re_tre,1.0
48083,re_tre,1.0
48085,re_tre,1.0
48087,re_mro,1.0
48089,re_tre,1.0
48091,re_tre,1.0
48093,re_tre,1.0
48095,re_tre,1.0
48097,re_tre,1.0
48099,re_tre,1.0
48101,re_tre,0.54
48103,re_tre,1.0
48105,re_tre,1.0
48107,re_mro,0.62
48109,re_wecc,0.74
48111,re_mro,1.0
48113,re_tre,0.9
48115,re_tre,0.83
48117,re_mro,1.0
48119,re_tre,1.0
48121,re_tre,1.0
48123,re_tre,1.0
48125,re_tre,0.91
48127,re_tre,1.0
48129,re_mro,1.0
48131,re_tre,1.0
48133,re_tre,1.0
48135,re_tre,0.87
48137,re_tre,1.0
48139,re_tre,1.0
48141,re_wecc,0.99
48143,re_tre,1.0
48145,re_tre,0.71
48147,re_tre,1.0
48149,re_tre,1.0
48151,re_tre,1.0
48153,re_mro,0.62
48155,re_tre,0.73
48157,re_tre,1.0
48159,re_mro,0.55
48161,re_tre,1.0
48163,re_tre,1.0
48165,re_tre,0.8
48167,re_tre,0.93
48169,re_mro,0.6
48171,re_tre,1.0
48173,re_tre,1.0
48175,re_tre,1.0
48177,re_tre,1.0
48179,re_mro,1.0
48181,re_tre,1.0
48183,re_mro,1.0
48185,re_serc,0.64
48187,re_tre,1.0
48189,re_mro,0.68
48191,re_mro,0.51
48193,re_tre,1.0
48195,re_mro,1.0
48197,re_tre,1.0
48199,re_serc,1.0
48201,re_tre,0.92
48203,re_mro,1.0
48205,re_mro,1.0
48207,re_tre,1.0
48209,re_tre,1.0
48211,re_mro,1.0
48213,re_tre,0.73
48215,re_tre,1.0
48217,re_tre,1.0
48219,re_mro,0.7
48221,re_tre,1.0
48223,re_tre,0.8
48225,re_tre,0.69
48227,re_tre,0.95
48229,re_wecc,0.99
48231,re_tre,0.84
48233,re_mro,1.0
48235,re_tre,1.0
48237,re_tre,1.0
48239,re_tre,1.0
48241,re_serc,0.74
48243,re_tre,1.0
48245,re_serc,1.0
48247,re_tre,1.0
48249,re_tre,1.0
48251,re_tre,1.0
48253,re_tre,1.0
48255,re_tre,1.0
48257,re_tre,0.77
48259,re_tre,1.0
48261,re_tre,1.0
48263,re_tre,1.0
48265,re_tre,1.0
48267,re_tre,1.0
48269,re_tre,1.0
48271,re_tre,1.0
48273,re_tre,1.0
48275,re_tre,1.0
48277,re_tre,1.0
48279,re_mro,0.7
48281,re_tre,1.0
48283,re_tre,1.0
48285,re_tre,1.0
48287,re_tre,1.0
48289,re_tre,0.7
48291,re_tre,0.89
48293,re_tre,0.71
48295,re_mro,1.0
48297,re_tre,1.0
48299,re_tre,1.0
48301,re_tre,1.0
48303,re_tre,0.93
48305,re_tre,0.85
48307,re_tre,1.0
48309,re_tre,1.0
48311,re_tre,1.0
48313,re_serc,0.62
48315,re_mro,1.0
48317,re_tre,0.95
48319,re_tre,1.0
48321,re_tre,1.0
48323,re_tre,1.0
48325,re_tre,1.0
48327,re_tre,1.0
48329,re_tre,0.87
48331,re_tre,0.75
48333,re_tre,1.0
48335,re_tre,1.0
48337,re_tre,1.0
48339,re_tre,0.89
48341,re_mro,1.0
48343,re_mro,1.0
48345,re_tre,0.54
48347,re_tre,0.92
48349,re_tre,1.0
48351,re_serc,0.65
48353,re_tre,1.0
48355,re_tre,1.0
48357,re_mro,1.0
48359,re_mro,1.0
48361,re_serc,0.8
48363,re_tre,1.0
48365,re_mro,0.76
48367,re_tre,1.0
48369,re_mro,1.0
48371,re_tre,1.0
48373,re_serc,1.0
48375,re_mro,1.0
48377,re_tre,1.0
48379,re_tre,0.55
48381,re_mro,1.0
48383,re_tre,1.0
48385,re_tre,1.0
48387,re_tre,0.78
48389,re_tre,1.0
48391,re_tre,1.0
48393,re_mro,1.0
48395,re_tre,0.63
48397,re_tre,1.0
48399,re_tre,1.0
48401,re_tre,0.75
48403,re_tre,0.54
48405,re_tre,1.0
48407,re_serc,1.0
48409,re_tre,1.0
48411,re_tre,1.0
48413,re_tre,1.0
48415,re_tre,1.0
48417,re_tre,1.0
48419,re_mro,0.69
48421,re_mro,1.0
48423,re_tre,0.73
48425,re_tre,1.0
48427,re_tre,1.0
48429,re_tre,1.0
48431,re_tre,1.0
48433,re_tre,1.0
48435,re_tre,1.0
48437,re_mro,1.0
48439,re_tre,1.0
48441,re_tre,1.0
48443,re_tre,1.0
48445,re_tre,0.83
48447,re_tre,1.0
48449,re_mro,0.74
48451,re_tre,1.0
48453,re_tre,1.0
48455,re_tre,0.6
48457,re_serc,1.0
48459,re_mro,1.0
48461,re_tre,1.0
48463,re_tre,1.0
48465,re_tre,1.0
48467,re_tre,0.67
48469,re_tre,1.0
48471,re_serc,0.75
48473,re_tre,0.93
48475,re_tre,1.0
48477,re_serc,0.5
48479,re_tre,1.0
48481,re_tre,1.0
48483,re_mro,1.0
48485,re_tre,1.0
48487,re_tre,0.9
48489,re_tre,1.0
48491,re_tre,1.0
48493,re_tre,1.0
48495,re_tre,1.0
48497,re_tre,1.0
48499,re_tre,0.74
48501,re_mro,1.0
48503,re_tre,1.0
48505,re_tre,1.0
48507,re_tre,1.0
49001,re_wecc,1.0
49003,re_wecc,1.0
49005,re_wecc,1.0
49007,re_wecc,1.0
49009,re_wecc,1.0
49011,re_wecc,1.0
49013,re_wecc,1.0
49015,re_wecc,1.0
49017,re_wecc,1.0
49019,re_wecc,1.0
49021,re_wecc,1.0
49023,re_wecc,1.0
49025,re_wecc,1.0
49027,re_wecc,1.0
49029,re_wecc,1.0
49031,re_wecc,1.0
49033,re_wecc,1.0
49035,re_wecc,1.0
49037,re_wecc,1.0
49039,re_wecc,1.0
49041,re_wecc,1.0
49043,re_wecc,1.0
49045,re_wecc,1.0
49047,re_wecc,1.0
49049,re_wecc,1.0
49051,re_wecc,1.0
49053,re_wecc,1.0
49055,re_wecc,1.0
49057,re_wecc,1.0
50001,re_npcc,1.0
50003,re_npcc,1.0
50005,re_npcc,1.0
50007,re_npcc,1.0
50009,re_npcc,1.0
50011,re_npcc,1.0
50013,re_npcc,1.0
50015,re_npcc,1.0
50017,re_npcc,1.0
50019,re_npcc,1.0
50021,re_npcc,1.0
50023,re_npcc,1.0
50025,re_npcc,1.0
50027,re_npcc,1.0
51001,re_serc,0.58
51003,re_serc,0.68
51005,re_serc,1.0
51007,re_serc,1.0
51009,re_serc,0.62
51011,re_serc,0.64
51013,re_serc,1.0
51015,re_serc,1.0
51017,re_serc,1.0
51019,re_serc,0.62
51021,re_rf,1.0
51023,re_serc,0.59
51025,re_serc,1.0
51027,re_serc,0.59
51029,re_serc,0.64
51031,re_serc,0.64
51033,re_serc,1.0
51035,re_serc,0.59
51036,re_serc,1.0
51037,re_serc,1.0
51041,re_serc,1.0
51043,re_serc,1.0
51045,re_rf,1.0
51047,re_serc,1.0
51049,re_serc,1.0
51051,re_rf,0.79
51053,re_serc,1.0
51057,re_serc,1.0
51059,re_serc,1.0
51061,re_serc,1.0
51063,re_rf,1.0
51065,re_serc,0.62
51067,re_serc,0.59
51069,re_serc,1.0
51071,re_rf,1.0
51073,re_serc,1.0
51075,re_serc,1.0
51077,re_rf,1.0
51079,re_serc,1.0
51081,re_serc,1.0
51083,re_serc,0.77
51085,re_serc,1.0
51087,re_serc,1.0
51089,re_rf,0.5
51091,re_serc,1.0
51093,re_serc,1.0
51095,re_serc,1.0
51097,re_serc,1.0
51099,re_serc,1.0
51101,re_serc,1.0
51103,re_serc,1.0
51105,re_serc,1.0
51107,re_serc,1.0
51109,re_serc,1.0
51111,re_serc,1.0
51113,re_serc,1.0
51115,re_serc,1.0
51117,re_serc,1.0
51119,re_serc,1.0
51121,re_rf,1.0
51125,re_serc,0.68
51127,re_serc,1.0
51131,re_rf,1.0
51133,re_serc,1.0
51135,re_serc,1.0
51137,re_serc,1.0
51139,re_serc,1.0
51141,re_rf,1.0
51143,re_serc,0.55
51145,re_serc,1.0
51147,re_serc,1.0
51149,re_serc,1.0
51153,re_serc,1.0
51155,re_rf,1.0
51157,re_serc,1.0
51159,re_serc,1.0
51161,re_rf,1.0
51163,re_serc,1.0
51165,re_serc,1.0
51167,re_rf,0.79
51169,re_rf,0.58
51171,re_serc,1.0
51173,re_rf,1.0
51175,re_serc,1.0
51177,re_serc,1.0
51179,re_serc,1.0
51181,re_serc,1.0
51183,re_serc,1.0
51185,re_serc,0.59
51187,re_serc,1.0
51191,re_rf,0.76
51193,re_serc,1.0
51195,re_rf,0.71
51197,re_rf,1.0
51199,re_serc,1.0
51510,re_serc,1.0
51520,re_serc,1.0
51530,re_serc,1.0
51540,re_serc,1.0
51550,re_serc,1.0
51570,re_serc,1.0
51580,re_serc,1.0
51590,re_rf,1.0
51595,re_serc,1.0
51600,re_serc,1.0
51610,re_serc,1.0
51630,re_serc,1.0
51650,re_serc,1.0
51660,re_serc,1.0
51670,re_serc,1.0
51678,re_serc,1.0
51683,re_serc,1.0
51685,re_serc,1.0
51700,re_serc,1.0
51710,re_serc,1.0
51720,re_serc,1.0
51730,re_serc,1.0
51735,re_serc,1.0
51740,re_serc,1.0
51760,re_serc,1.0
51775,re_rf,1.0
51790,re_serc,1.0
51800,re_serc,1.0
51810,re_serc,1.0
51820,re_serc,1.0
51830,re_serc,1.0
51840,re_serc,1.0
53001,re_wecc,1.0
53003,re_wecc,1.0
53005,re_wecc,1.0
53007,re_wecc,1.0
53009,re_wecc,1.0
53011,re_wecc,1.0
53013,re_wecc,1.0
53015,re_wecc,1.0
53017,re_wecc,1.0
53019,re_wecc,1.0
53021,re_wecc,1.0
53023,re_wecc,1.0
53025,re_wecc,1.0
53027,re_wecc,1.0
53029,re_wecc,1.0
53031,re_wecc,1.0
53033,re_wecc,1.0
53035,re_wecc,1.0
53037,re_wecc,1.0
53039,re_wecc,1.0
53041,re_wecc,1.0
53043,re_wecc,1.0
53045,re_wecc,1.0
53047,re_wecc,1.0
53049,re_wecc,1.0
53051,re_wecc,1.0
53053,re_wecc,1.0
53055,re_wecc,1.0
53057,re_wecc,1.0
53059,re_wecc,1.0
53061,re_wecc,1.0
53063,re_wecc,1.0
53065,re_wecc,1.0
53067,re_wecc,1.0
53069,re_wecc,1.0
53071,re_wecc,1.0
53073,re_wecc,1.0
53075,re_wecc,1.0
53077,re_wecc,1.0
54001,re_rf,1.0
54003,re_rf,1.0
54005,re_rf,1.0
54007,re_rf,1.0
54009,re_rf,1.0
54011,re_rf,1.0
54013,re_rf,1.0
54015,re_rf,1.0
54017,re_rf,1.0
54019,re_rf,1.0
54021,re_rf,1.0
54023,re_rf,1.0
54025,re_rf,1.0
54027,re_rf,1.0
54029,re_rf,1.0
54031,re_rf,1.0
54033,re_rf,1.0
54035,re_rf,1.0
54037,re_rf,1.0
54039,re_rf,1.0
54041,re_rf,1.0
54043,re_rf,1.0
54045,re_rf,1.0
54047,re_rf,1.0
54049,re_rf,1.0
54051,re_rf,1.0
54053,re_rf,1.0
54055,re_rf,1.0
54057,re_rf,1.0
54059,re_rf,1.0
54061,re_rf,1.0
54063,re_rf,1.0
54065,re_rf,1.0
54067,re_rf,1.0
54069,re_rf,1.0
54071,re_rf,1.0
54073,re_rf,1.0
54075,re_rf,1.0
54077,re_rf,1.0
54079,re_rf,1.0
54081,re_rf,1.0
54083,re_rf,1.0
54085,re_rf,1.0
54087,re_rf,1.0
54089,re_rf,1.0
54091,re_rf,1.0
54093,re_rf,1.0
54095,re_rf,1.0
54097,re_rf,1.0
54099,re_rf,1.0
54101,re_rf,1.0
54103,re_rf,1.0
54105,re_rf,1.0
54107,re_rf,1.0
54109,re_rf,1.0
55001,re_mro,0.96
55003,re_mro,1.0
55005,re_mro,1.0
55007,re_mro,1.0
55009,re_rf,1.0
55011,re_mro,1.0
55013,re_mro,1.0
55015,re_rf,0.74
55017,re_mro,1.0
55019,re_mro,1.0
55021,re_rf,0.67
55023,re_mro,1.0
55025,re_rf,0.79
55027,re_rf,0.6
55029,re_rf,0.69
55031,re_mro,1.0
55033,re_mro,1.0
55035,re_mro,1.0
55037,re_rf,0.98
55039,re_rf,0.75
55041,re_rf,1.0
55043,re_rf,0.69
55045,re_mro,1.0
55047,re_mro,1.0
55049,re_mro,1.0
55051,re_rf,0.69
55053,re_mro,1.0
55055,re_rf,0.59
55057,re_mro,1.0
55059,re_rf,0.74
55061,re_rf,0.91
55063,re_mro,1.0
55065,re_mro,1.0
55067,re_rf,0.6
55069,re_rf,0.69
55071,re_rf,0.62
55073,re_mro,0.58
55075,re_rf,1.0
55077,re_mro,0.92
55078,re_mro,1.0
55079,re_rf,1.0
55081,re_mro,1.0
55083,re_rf,0.8
55085,re_rf,0.69
55087,re_rf,0.77
55089,re_rf,0.86
55091,re_mro,1.0
55093,re_mro,1.0
55095,re_mro,1.0
55097,re_mro,0.54
55099,re_mro,1.0
55101,re_rf,1.0
55103,re_mro,1.0
55105,re_rf,0.64
55107,re_mro,1.0
55109,re_mro,1.0
55111,re_mro,1.0
55113,re_mro,1.0
55115,re_rf,0.83
55117,re_rf,0.69
55119,re_mro,1.0
55121,re_mro,1.0
55123,re_mro,1.0
55125,re_rf,0.85
55127,re_rf,0.72
55129,re_mro,1.0
55131,re_rf,0.86
55133,re_rf,0.78
55135,re_rf,0.76
55137,re_rf,0.78
55139,re_rf,0.77
55141,re_mro,1.0
56001,re_wecc,1.0
56003,re_wecc,1.0
56005,re_wecc,1.0
56007,re_wecc,1.0
56009,re_wecc,1.0
56011,re_wecc,1.0
56013,re_wecc,1.0
56017,re_wecc,1.0
56019,re_wecc,0.65
56021,re_wecc,1.0
56023,re_wecc,1.0
56025,re_wecc,1.0
56029,re_wecc,1.0
56031,re_wecc,1.0
56033,re_mro,0.62
56035,re_wecc,1.0
56037,re_wecc,1.0
56039,re_wecc,1.0
56041,re_wecc,1.0
56043,re_wecc,1.0
56045,re_wecc,1.0
