fips,rto,share
05001,miso,1.0
05003,miso,1.0
05005,miso,1.0
05007,spp,1.0
05009,miso,0.42
05009,spp,0.58
05011,miso,1.0
05013,miso,1.0
05015,miso,0.31
05015,spp,0.69
05017,miso,1.0
05019,miso,1.0
05021,miso,1.0
05023,miso,1.0
05025,miso,1.0
05027,miso,1.0
05029,miso,1.0
05031,miso,1.0
05033,spp,1.0
05035,miso,0.57
05037,miso,1.0
05039,miso,1.0
05041,miso,1.0
05043,miso,1.0
05045,miso,1.0
05047,spp,1.0
05049,miso,1.0
05051,miso,1.0
05053,miso,1.0
05055,miso,0.56
05057,miso,0.71
05059,miso,1.0
05061,miso,0.34
05061,spp,0.66
05063,miso,1.0
05065,miso,1.0
05067,miso,1.0
05069,miso,1.0
05071,miso,0.36
05071,spp,0.64
05073,miso,0.62
05073,spp,0.38
05075,miso,1.0
05077,miso,1.0
05079,miso,1.0
05081,spp,0.73
05083,miso,0.31
05083,spp,0.69
05085,miso,1.0
05087,spp,1.0
05089,miso,1.0
05091,miso,0.62
05091,spp,0.38
05093,miso,1.0
05095,miso,1.0
05097,miso,1.0
05099,miso,1.0
05101,miso,0.39
05101,spp,0.61
05103,miso,1.0
05105,miso,1.0
05107,miso,1.0
05109,miso,0.58
05109,spp,0.42
05111,miso,1.0
05113,spp,0.73
05115,miso,0.39
05115,spp,0.61
05117,miso,1.0
05119,miso,1.0
05121,miso,1.0
05123,miso,1.0
05125,miso,1.0
05127,miso,0.31
05127,spp,0.69
05129,miso,1.0
05131,spp,1.0
05133,spp,0.73
05135,miso,1.0
05137,miso,1.0
05139,miso,1.0
05141,miso,1.0
05143,spp,1.0
05145,miso,1.0
05147,miso,1.0
05149,miso,0.77
06001,caiso,1.0
06003,caiso,1.0
06005,caiso,1.0
06007,caiso,1.0
06009,caiso,1.0
06011,caiso,1.0
06013,caiso,1.0
06017,caiso,1.0
06019,caiso,1.0
06021,caiso,1.0
06023,caiso,1.0
06025,caiso,0.86
06027,caiso,0.31
06029,caiso,1.0
06031,caiso,1.0
06033,caiso,1.0
06035,caiso,0.98
06037,caiso,0.32
06039,caiso,1.0
06041,caiso,1.0
06043,caiso,1.0
06045,caiso,1.0
06047,caiso,0.8
06049,caiso,0.89
06051,caiso,1.0
06053,caiso,1.0
06055,caiso,1.0
06057,caiso,1.0
06059,caiso,1.0
06063,caiso,1.0
06065,caiso,0.89
06067,caiso,0.34
06069,caiso,1.0
06071,caiso,1.0
06073,caiso,0.96
06075,caiso,1.0
06077,caiso,0.68
06079,caiso,1.0
06081,caiso,1.0
06083,caiso,1.0
06085,caiso,1.0
06087,caiso,1.0
06089,caiso,0.65
06091,caiso,1.0
06093,caiso,0.91
06095,caiso,1.0
06097,caiso,1.0
06099,caiso,0.54
06101,caiso,1.0
06103,caiso,1.0
06105,caiso,1.0
06107,caiso,1.0
06109,caiso,0.93
06111,caiso,1.0
06113,caiso,0.34
06115,caiso,1.0
09001,isone,1.0
09003,isone,1.0
09005,isone,1.0
09007,isone,1.0
09009,isone,1.0
09011,isone,1.0
09013,isone,1.0
09015,isone,1.0
10001,pjm,1.0
10003,pjm,1.0
10005,pjm,1.0
11001,pjm,1.0
17001,miso,1.0
17003,miso,1.0
17005,miso,1.0
17007,pjm,0.99
17009,miso,1.0
17011,pjm,0.91
17013,miso,1.0
17015,pjm,0.97
17017,miso,1.0
17019,miso,1.0
17021,miso,1.0
17023,miso,1.0
17025,miso,1.0
17027,miso,1.0
17029,miso,1.0
17031,pjm,1.0
17033,miso,1.0
17035,miso,1.0
17037,pjm,1.0
17039,miso,1.0
17041,miso,1.0
17043,pjm,1.0
17045,miso,1.0
17047,miso,1.0
17049,miso,1.0
17051,miso,1.0
17053,pjm,0.9
17055,miso,1.0
17057,miso,1.0
17059,miso,1.0
17061,miso,1.0
17063,pjm,1.0
17065,miso,1.0
17067,miso,1.0
17069,miso,1.0
17071,miso,1.0
17073,miso,1.0
17075,miso,1.0
17077,miso,1.0
17079,miso,1.0
17081,miso,1.0
17083,miso,1.0
17085,pjm,0.97
17087,miso,1.0
17089,pjm,1.0
17091,pjm,1.0
17093,pjm,0.91
17095,miso,1.0
17097,pjm,1.0
17099,pjm,0.88
17101,miso,1.0
17103,pjm,1.0
17105,pjm,0.9
17107,miso,1.0
17109,miso,1.0
17111,pjm,0.99
17113,miso,1.0
17115,miso,1.0
17117,miso,1.0
17119,miso,1.0
17121,miso,1.0
17123,pjm,0.91
17125,miso,1.0
17127,miso,1.0
17129,miso,1.0
17131,miso,1.0
17133,miso,1.0
17135,miso,1.0
17137,miso,1.0
17139,miso,1.0
17141,pjm,1.0
17143,miso,1.0
17145,miso,1.0
17147,miso,1.0
17149,miso,1.0
17151,miso,1.0
17153,miso,1.0
17155,miso,1.0
17157,miso,1.0
17159,miso,1.0
17161,miso,1.0
17163,miso,1.0
17165,miso,1.0
17167,miso,1.0
17169,miso,1.0
17171,miso,1.0
17173,miso,1.0
17175,miso,1.0
17177,pjm,0.99
17179,miso,1.0
17181,miso,1.0
17183,miso,1.0
17185,miso,1.0
17187,miso,1.0
17189,miso,1.0
17191,miso,1.0
17193,miso,1.0
17195,pjm,0.97
17197,pjm,1.0
17199,miso,1.0
17201,pjm,0.99
17203,pjm,0.91
18001,pjm,1.0
18003,pjm,1.0
18005,miso,1.0
18007,miso,1.0
18009,pjm,1.0
18011,miso,1.0
18013,miso,1.0
18015,miso,1.0
18017,miso,1.0
18019,miso,1.0
18021,miso,1.0
18023,miso,1.0
18025,miso,1.0
18027,miso,1.0
18029,miso,1.0
18031,miso,1.0
18033,miso,0.49
18033,pjm,0.51
18035,miso,0.4
18035,pjm,0.6
18037,miso,1.0
18039,miso,0.54
18039,pjm,0.46
18041,miso,1.0
18043,miso,1.0
18045,miso,1.0
18047,miso,1.0
18049,miso,1.0
18051,miso,1.0
18053,miso,0.37
18053,pjm,0.63
18055,miso,1.0
18057,miso,0.72
18059,miso,1.0
18061,miso,1.0
18063,miso,1.0
18065,miso,0.43
18065,pjm,0.57
18067,miso,0.43
18067,pjm,0.57
18069,miso,0.32
18069,pjm,0.68
18071,miso,1.0
18073,miso,1.0
18075,pjm,1.0
18077,miso,1.0
18079,miso,1.0
18081,miso,1.0
18083,miso,1.0
18085,miso,0.82
18087,miso,0.57
18087,pjm,0.43
18089,miso,1.0
18091,miso,0.59
18091,pjm,0.41
18093,miso,1.0
18095,miso,0.46
18095,pjm,0.54
18097,miso,1.0
18099,miso,0.59
18099,pjm,0.41
18101,miso,1.0
18103,miso,0.46
18103,pjm,0.54
18105,miso,1.0
18107,miso,1.0
18109,miso,1.0
18111,miso,1.0
18113,miso,0.48
18113,pjm,0.52
18115,miso,1.0
18117,miso,1.0
18119,miso,1.0
18121,miso,1.0
18123,miso,1.0
18125,miso,1.0
18127,miso,1.0
18129,miso,1.0
18131,miso,1.0
18133,miso,1.0
18135,miso,0.44
18135,pjm,0.56
18137,miso,1.0
18139,miso,1.0
18141,miso,0.37
18141,pjm,0.63
18143,miso,1.0
18145,miso,1.0
18147,miso,1.0
18149,miso,1.0
18151,miso,0.57
18151,pjm,0.43
18153,miso,1.0
18155,miso,1.0
18157,miso,1.0
18159,miso,0.44
18159,pjm,0.56
18161,miso,1.0
18163,miso,1.0
18165,miso,1.0
18167,miso,1.0
18169,miso,0.39
18169,pjm,0.61
18171,miso,1.0
18173,miso,1.0
18175,miso,1.0
18177,miso,0.41
18177,pjm,0.59
18179,miso,0.34
18179,pjm,0.66
18181,miso,1.0
18183,miso,0.38
18183,pjm,0.62
19001,miso,1.0
19003,miso,1.0
19005,miso,1.0
19007,miso,1.0
19009,miso,1.0
19011,miso,1.0
19013,miso,1.0
19015,miso,1.0
19017,miso,0.97
19019,miso,1.0
19021,miso,0.95
19023,miso,0.97
19025,miso,1.0
19027,miso,0.98
19029,miso,1.0
19031,miso,1.0
19033,miso,0.95
19035,miso,0.91
19037,miso,0.97
19039,miso,1.0
19041,miso,0.75
19043,miso,1.0
19045,miso,1.0
19047,miso,0.93
19049,miso,1.0
19051,miso,0.87
19053,miso,1.0
19055,miso,1.0
19057,miso,0.9
19059,miso,0.86
19061,miso,1.0
19063,miso,0.86
19065,miso,0.92
19067,miso,0.97
19069,miso,0.95
19071,miso,1.0
19073,miso,1.0
19075,miso,1.0
19077,miso,0.94
19079,miso,0.98
19081,miso,0.94
19083,miso,0.98
19085,miso,1.0
19087,miso,0.9
19089,miso,1.0
19091,miso,0.97
19093,miso,0.87
19095,miso,1.0
19097,miso,1.0
19099,miso,1.0
19101,miso,0.87
19103,miso,1.0
19105,miso,1.0
19107,miso,0.87
19109,miso,0.94
19111,miso,0.87
19113,miso,1.0
19115,miso,0.9
19117,miso,1.0
19119,miso,0.95
19121,miso,1.0
19123,miso,1.0
19125,miso,1.0
19127,miso,1.0
19129,miso,1.0
19131,miso,1.0
19133,miso,1.0
19135,miso,1.0
19137,miso,1.0
19139,miso,1.0
19141,miso,0.91
19143,miso,0.75
19145,miso,1.0
19147,miso,0.95
19149,miso,0.87
19151,miso,0.95
19153,miso,1.0
19155,miso,1.0
19157,miso,1.0
19159,miso,1.0
19161,miso,0.87
19163,miso,1.0
19165,miso,1.0
19167,miso,0.95
19169,miso,1.0
19171,miso,1.0
19173,miso,1.0
19175,miso,1.0
19177,miso,0.87
19179,miso,0.87
19181,miso,1.0
19183,miso,0.96
19185,miso,1.0
19187,miso,0.98
19189,miso,0.94
19191,miso,1.0
19193,miso,0.93
19195,miso,0.94
19197,miso,0.98
20001,spp,1.0
20003,spp,1.0
20005,spp,1.0
20007,spp,1.0
20009,spp,1.0
20011,spp,1.0
20013,spp,1.0
20015,spp,1.0
20017,spp,1.0
20019,spp,1.0
20021,spp,1.0
20023,spp,1.0
20025,spp,1.0
20027,spp,1.0
20029,spp,1.0
20031,spp,1.0
20033,spp,1.0
20035,spp,1.0
20037,spp,1.0
20039,spp,1.0
20041,spp,1.0
20043,spp,1.0
20045,spp,1.0
20047,spp,1.0
20049,spp,1.0
20051,spp,1.0
20053,spp,1.0
20055,spp,1.0
20057,spp,1.0
20059,spp,1.0
20061,spp,1.0
20063,spp,1.0
20065,spp,1.0
20067,spp,1.0
20069,spp,1.0
20071,spp,1.0
20073,spp,1.0
20075,spp,1.0
20077,spp,1.0
20079,spp,1.0
20081,spp,1.0
20083,spp,1.0
20085,spp,1.0
20087,spp,1.0
20089,spp,1.0
20091,spp,1.0
20093,spp,1.0
20095,spp,1.0
20097,spp,1.0
20099,spp,1.0
20101,spp,1.0
20103,spp,1.0
20105,spp,1.0
20107,spp,1.0
20109,spp,1.0
20111,spp,1.0
20113,spp,1.0
20115,spp,1.0
20117,spp,1.0
20119,spp,1.0
20121,spp,1.0
20123,spp,1.0
20125,spp,1.0
20127,spp,1.0
20129,spp,1.0
20131,spp,1.0
20133,spp,1.0
20135,spp,1.0
20137,spp,1.0
20139,spp,1.0
20141,spp,1.0
20143,spp,1.0
20145,spp,1.0
20147,spp,1.0
20149,spp,1.0
20151,spp,1.0
20153,spp,1.0
20155,spp,1.0
20157,spp,1.0
20159,spp,1.0
20161,spp,1.0
20163,spp,1.0
20165,spp,1.0
20167,spp,1.0
20169,spp,1.0
20171,spp,1.0
20173,spp,1.0
20175,spp,1.0
20177,spp,1.0
20179,spp,1.0
20181,spp,1.0
20183,spp,1.0
20185,spp,1.0
20187,spp,1.0
20189,spp,1.0
20191,spp,1.0
20193,spp,1.0
20195,spp,1.0
20197,spp,1.0
20199,spp,1.0
20201,spp,1.0
20203,spp,1.0
20205,spp,1.0
20207,spp,1.0
20209,spp,1.0
21001,pjm,0.55
21005,pjm,0.59
21007,miso,0.42
21011,pjm,0.45
21015,pjm,1.0
21017,pjm,0.43
21019,pjm,1.0
21023,pjm,0.46
21025,pjm,1.0
21027,miso,0.69
21027,pjm,0.31
21033,miso,0.37
21037,pjm,0.82
21041,pjm,0.57
21043,pjm,1.0
21045,pjm,0.62
21051,pjm,0.67
21053,pjm,0.69
21055,miso,0.37
21057,pjm,0.77
21063,pjm,1.0
21065,pjm,0.56
21067,pjm,0.43
21069,pjm,0.31
21071,pjm,1.0
21077,pjm,0.82
21079,pjm,0.55
21081,pjm,0.73
21087,pjm,0.58
21089,pjm,1.0
21091,miso,1.0
21099,pjm,0.58
21101,miso,0.7
21109,pjm,1.0
21115,pjm,1.0
21117,pjm,1.0
21119,pjm,1.0
21123,pjm,0.67
21125,pjm,0.64
21127,pjm,1.0
21129,pjm,0.46
21131,pjm,1.0
21133,pjm,1.0
21135,pjm,1.0
21137,pjm,0.63
21139,miso,0.32
21143,miso,0.37
21147,pjm,0.56
21149,miso,0.37
21151,pjm,0.47
21153,pjm,1.0
21155,pjm,0.61
21157,miso,0.36
21159,pjm,1.0
21161,pjm,0.31
21165,pjm,1.0
21167,pjm,0.6
21169,pjm,0.66
21171,pjm,0.46
21175,pjm,1.0
21179,pjm,0.6
21181,pjm,0.46
21183,miso,0.36
21187,pjm,0.57
21189,pjm,1.0
21191,pjm,0.84
21193,pjm,1.0
21195,pjm,1.0
21197,pjm,1.0
21199,pjm,0.63
21201,pjm,0.46
21203,pjm,0.63
21205,pjm,0.7
21207,pjm,0.57
21209,pjm,0.59
21217,pjm,0.58
21225,miso,0.37
21229,pjm,0.6
21231,pjm,1.0
21233,miso,0.37
21237,pjm,1.0
22001,miso,1.0
22003,miso,1.0
22005,miso,1.0
22007,miso,1.0
22009,miso,1.0
22011,miso,1.0
22013,miso,0.51
22013,spp,0.49
22015,miso,0.47
22015,spp,0.53
22017,spp,1.0
22019,miso,1.0
22021,miso,1.0
22023,miso,1.0
22025,miso,1.0
22027,miso,1.0
22029,miso,1.0
22031,miso,0.32
22031,spp,0.68
22033,miso,1.0
22035,miso,1.0
22037,miso,1.0
22039,miso,1.0
22041,miso,1.0
22043,miso,0.6
22043,spp,0.4
22045,miso,1.0
22047,miso,1.0
22049,miso,1.0
22051,miso,1.0
22053,miso,1.0
22055,miso,1.0
22057,miso,1.0
22059,miso,1.0
22061,miso,1.0
22063,miso,1.0
22065,miso,1.0
22067,miso,1.0
22069,miso,0.65
22069,spp,0.35
22071,miso,1.0
22073,miso,1.0
22075,miso,1.0
22077,miso,1.0
22079,miso,1.0
22081,miso,0.59
22081,spp,0.41
22083,miso,1.0
22085,miso,0.59
22085,spp,0.41
22087,miso,1.0
22089,miso,1.0
22091,miso,1.0
22093,miso,1.0
22095,miso,1.0
22097,miso,1.0
22099,miso,1.0
22101,miso,1.0
22103,miso,1.0
22105,miso,1.0
22107,miso,1.0
22109,miso,1.0
22111,miso,1.0
22113,miso,1.0
22115,miso,0.64
22115,spp,0.36
22117,miso,1.0
22119,miso,0.51
22119,spp,0.49
22121,miso,1.0
22123,miso,1.0
22125,miso,1.0
22127,miso,0.47
22127,spp,0.53
23001,isone,1.0
23003,isone,0.57
23005,isone,1.0
23007,isone,1.0
23009,isone,0.92
23011,isone,1.0
23013,isone,1.0
23015,isone,1.0
23017,isone,1.0
23019,isone,0.87
23021,isone,0.92
23023,isone,1.0
23025,isone,1.0
23027,isone,0.92
23029,isone,0.67
23031,isone,1.0
24001,pjm,1.0
24003,pjm,1.0
24005,pjm,1.0
24009,pjm,1.0
24011,pjm,1.0
24013,pjm,1.0
24015,pjm,1.0
24017,pjm,1.0
24019,pjm,1.0
24021,pjm,1.0
24023,pjm,1.0
24025,pjm,1.0
24027,pjm,1.0
24029,pjm,1.0
24031,pjm,1.0
24033,pjm,1.0
24035,pjm,1.0
24037,pjm,1.0
24039,pjm,1.0
24041,pjm,1.0
24043,pjm,1.0
24045,pjm,1.0
24047,pjm,1.0
24510,pjm,1.0
25001,isone,1.0
25003,isone,1.0
25005,isone,1.0
25007,isone,1.0
25009,isone,1.0
25011,isone,1.0
25013,isone,1.0
25015,isone,1.0
25017,isone,1.0
25019,isone,1.0
25021,isone,1.0
25023,isone,1.0
25025,isone,1.0
25027,isone,1.0
26001,miso,1.0
26003,miso,1.0
26005,miso,0.71
26007,miso,1.0
26009,miso,1.0
26011,miso,1.0
26013,miso,1.0
26015,miso,1.0
26017,miso,1.0
26019,miso,1.0
26021,pjm,1.0
26023,miso,1.0
26025,miso,1.0
26027,pjm,1.0
26029,miso,1.0
26031,miso,1.0
26033,miso,1.0
26035,miso,1.0
26037,miso,1.0
26039,miso,1.0
26041,miso,1.0
26043,miso,1.0
26045,miso,1.0
26047,miso,1.0
26049,miso,1.0
26051,miso,1.0
26053,miso,1.0
26055,miso,1.0
26057,miso,1.0
26059,miso,1.0
26061,miso,1.0
26063,miso,1.0
26065,miso,1.0
26067,miso,1.0
26069,miso,1.0
26071,miso,1.0
26073,miso,1.0
26075,miso,1.0
26077,miso,0.54
26077,pjm,0.46
26079,miso,1.0
26081,miso,1.0
26083,miso,1.0
26085,miso,1.0
26087,miso,1.0
26089,miso,1.0
26091,miso,0.96
26093,miso,1.0
26095,miso,1.0
26097,miso,1.0
26099,miso,1.0
26101,miso,1.0
26103,miso,1.0
26105,miso,1.0
26107,miso,1.0
26109,miso,1.0
26111,miso,1.0
26113,miso,1.0
26115,miso,0.96
26117,miso,1.0
26119,miso,1.0
26121,miso,1.0
26123,miso,1.0
26125,miso,1.0
26127,miso,1.0
26129,miso,1.0
26131,miso,1.0
26133,miso,1.0
26135,miso,1.0
26137,miso,1.0
26139,miso,1.0
26141,miso,1.0
26143,miso,1.0
26145,miso,1.0
26147,miso,1.0
26149,miso,0.48
26149,pjm,0.52
26151,miso,1.0
26153,miso,1.0
26155,miso,1.0
26157,miso,1.0
26159,miso,0.54
26159,pjm,0.46
26161,miso,1.0
26163,miso,1.0
26165,miso,1.0
27001,miso,1.0
27003,miso,1.0
27005,miso,1.0
27007,miso,1.0
27009,miso,1.0
27011,miso,1.0
27013,miso,1.0
27015,miso,1.0
27017,miso,1.0
27019,miso,1.0
27021,miso,1.0
27023,miso,1.0
27025,miso,1.0
27027,miso,0.63
27027,spp,0.37
27029,miso,1.0
27031,miso,1.0
27033,miso,1.0
27035,miso,1.0
27037,miso,1.0
27039,miso,1.0
27041,miso,1.0
27043,miso,1.0
27045,miso,1.0
27047,miso,1.0
27049,miso,1.0
27051,miso,1.0
27053,miso,1.0
27055,miso,1.0
27057,miso,1.0
27059,miso,1.0
27061,miso,1.0
27063,miso,1.0
27065,miso,1.0
27067,miso,1.0
27069,miso,1.0
27071,miso,1.0
27073,miso,1.0
27075,miso,1.0
27079,miso,1.0
27081,miso,0.97
27083,miso,1.0
27085,miso,1.0
27087,miso,1.0
27089,miso,1.0
27091,miso,1.0
27093,miso,1.0
27095,miso,1.0
27097,miso,1.0
27099,miso,1.0
27101,miso,0.97
27103,miso,1.0
27105,miso,0.98
27107,miso,1.0
27109,miso,1.0
27111,miso,1.0
27113,miso,1.0
27115,miso,1.0
27117,miso,0.97
27119,miso,1.0
27121,miso,1.0
27123,miso,1.0
27125,miso,1.0
27127,miso,1.0
27129,miso,1.0
27131,miso,1.0
27133,miso,0.97
27135,miso,1.0
27137,miso,1.0
27139,miso,1.0
27141,miso,1.0
27143,miso,1.0
27145,miso,1.0
27147,miso,1.0
27149,miso,1.0
27151,miso,1.0
27153,miso,1.0
27155,miso,1.0
27157,miso,1.0
27159,miso,1.0
27161,miso,1.0
27163,miso,1.0
27165,miso,1.0
27167,miso,1.0
27169,miso,1.0
27171,miso,1.0
27173,miso,1.0
28001,miso,1.0
28005,miso,1.0
28007,miso,0.61
28011,miso,1.0
28013,miso,0.39
28015,miso,1.0
28019,miso,0.62
28021,miso,1.0
28023,miso,0.38
28025,miso,0.47
28027,miso,1.0
28029,miso,1.0
28031,miso,0.76
28033,miso,0.36
28035,miso,0.67
28037,miso,1.0
28039,miso,0.66
28041,miso,0.58
28043,miso,1.0
28049,miso,1.0
28051,miso,1.0
28053,miso,1.0
28055,miso,1.0
28059,miso,0.66
28061,miso,0.56
28063,miso,1.0
28065,miso,0.71
28067,miso,0.41
28073,miso,0.35
28077,miso,1.0
28079,miso,0.4
28083,miso,1.0
28085,miso,1.0
28089,miso,1.0
28091,miso,0.35
28097,miso,1.0
28107,miso,0.64
28111,miso,0.72
28113,miso,1.0
28119,miso,1.0
28121,miso,0.72
28123,miso,0.52
28125,miso,1.0
28127,miso,1.0
28129,miso,0.66
28131,miso,0.66
28133,miso,1.0
28135,miso,0.68
28137,miso,0.45
28143,miso,1.0
28147,miso,1.0
28149,miso,1.0
28151,miso,1.0
28153,miso,0.64
28155,miso,0.49
28157,miso,1.0
28161,miso,0.56
28163,miso,1.0
29001,miso,0.94
29003,spp,1.0
29005,spp,1.0
29007,miso,0.67
29009,spp,0.68
29011,spp,1.0
29013,spp,0.93
29015,spp,0.44
29017,miso,0.72
29019,miso,0.88
29021,spp,0.74
29023,miso,0.6
29025,miso,0.79
29027,miso,0.67
29029,miso,0.54
29031,miso,0.8
29033,spp,0.96
29037,spp,0.85
29039,spp,0.85
29041,miso,0.44
29041,spp,0.5
29043,spp,0.41
29045,miso,1.0
29047,miso,0.34
29047,spp,0.59
29049,miso,0.54
29049,spp,0.31
29051,miso,0.73
29053,miso,0.84
29055,miso,0.75
29057,spp,0.74
29059,spp,0.46
29061,miso,0.61
29061,spp,0.35
29063,miso,0.54
29063,spp,0.31
29069,miso,0.84
29071,miso,0.75
29073,miso,0.66
29075,miso,0.63
29075,spp,0.37
29077,spp,0.92
29079,spp,1.0
29081,spp,0.89
29083,spp,0.82
29085,spp,0.73
29087,spp,1.0
29089,miso,0.41
29089,spp,0.47
29093,miso,0.86
29095,spp,0.97
29097,spp,0.71
29099,miso,0.89
29101,spp,0.85
29103,miso,0.94
29107,spp,0.91
29109,spp,0.64
29111,miso,1.0
29113,miso,0.55
29115,miso,0.88
29117,miso,0.36
29117,spp,0.62
29119,spp,0.79
29121,miso,0.94
29123,miso,0.86
29125,miso,0.68
29127,miso,0.93
29129,spp,1.0
29131,miso,0.68
29133,miso,0.88
29135,miso,0.73
29137,miso,0.66
29139,miso,0.51
29141,miso,0.84
29143,miso,0.65
29147,spp,1.0
29151,miso,0.85
29155,miso,1.0
29157,miso,1.0
29159,miso,0.31
29159,spp,0.52
29161,miso,0.77
29163,miso,0.55
29165,spp,0.9
29167,spp,0.58
29169,miso,0.62
29173,miso,0.96
29175,miso,0.4
29175,spp,0.45
29177,miso,0.54
29177,spp,0.31
29179,miso,0.74
29183,miso,0.56
29185,spp,0.77
29186,miso,1.0
29187,miso,1.0
29189,miso,1.0
29195,miso,0.4
29195,spp,0.45
29197,miso,1.0
29199,miso,1.0
29201,miso,0.74
29207,miso,0.75
29209,spp,0.52
29211,miso,0.94
29213,spp,0.52
29217,spp,0.82
29219,miso,0.52
29221,miso,0.86
29227,spp,1.0
29510,miso,1.0
30017,spp,1.0
30019,spp,1.0
30021,spp,0.57
30025,spp,1.0
30033,spp,1.0
30055,spp,1.0
30079,spp,1.0
30083,spp,0.58
30085,spp,0.57
30091,spp,1.0
30101,spp,1.0
30109,spp,1.0
31001,spp,1.0
31003,spp,1.0
31009,spp,1.0
31011,spp,1.0
31013,spp,1.0
31015,spp,1.0
31017,spp,1.0
31019,spp,1.0
31021,spp,1.0
31023,spp,1.0
31025,spp,1.0
31027,spp,1.0
31029,spp,0.39
31031,spp,1.0
31035,spp,1.0
31037,spp,1.0
31039,spp,1.0
31041,spp,1.0
31043,spp,1.0
31045,spp,1.0
31047,spp,1.0
31049,spp,0.82
31051,spp,1.0
31053,spp,1.0
31055,spp,1.0
31057,spp,0.65
31059,spp,1.0
31061,spp,1.0
31063,spp,1.0
31067,spp,1.0
31069,spp,1.0
31071,spp,1.0
31073,spp,1.0
31075,spp,1.0
31077,spp,1.0
31079,spp,1.0
31081,spp,1.0
31083,spp,1.0
31085,spp,0.47
31087,spp,1.0
31089,spp,1.0
31091,spp,1.0
31093,spp,1.0
31095,spp,1.0
31097,spp,1.0
31099,spp,1.0
31101,spp,0.66
31107,spp,1.0
31109,spp,1.0
31111,spp,0.95
31113,spp,1.0
31115,spp,1.0
31117,spp,1.0
31119,spp,1.0
31121,spp,1.0
31123,spp,0.75
31125,spp,1.0
31127,spp,1.0
31129,spp,1.0
31131,spp,1.0
31133,spp,1.0
31135,spp,0.58
31137,spp,1.0
31139,spp,1.0
31141,spp,1.0
31145,spp,1.0
31147,spp,1.0
31149,spp,1.0
31151,spp,1.0
31153,spp,1.0
31155,spp,1.0
31157,spp,1.0
31159,spp,1.0
31161,spp,1.0
31163,spp,1.0
31165,spp,1.0
31167,spp,1.0
31169,spp,1.0
31171,spp,1.0
31173,spp,1.0
31175,spp,1.0
31177,spp,1.0
31179,spp,1.0
31181,spp,1.0
31183,spp,1.0
31185,spp,1.0
33001,isone,1.0
33003,isone,1.0
33005,isone,1.0
33007,isone,1.0
33009,isone,1.0
33011,isone,1.0
33013,isone,1.0
33015,isone,1.0
33017,isone,1.0
33019,isone,1.0
34001,pjm,1.0
34003,pjm,1.0
34005,pjm,1.0
34007,pjm,1.0
34009,pjm,1.0
34011,pjm,1.0
34013,pjm,1.0
34015,pjm,1.0
34017,pjm,1.0
34019,pjm,1.0
34021,pjm,1.0
34023,pjm,1.0
34025,pjm,1.0
34027,pjm,1.0
34029,pjm,1.0
34031,pjm,1.0
34033,pjm,1.0
34035,pjm,1.0
34037,pjm,1.0
34039,pjm,1.0
34041,pjm,1.0
35005,spp,0.81
35009,spp,0.46
35011,spp,0.64
35015,spp,0.99
35019,spp,0.5
35021,spp,0.62
35025,spp,1.0
35037,spp,0.98
35041,spp,1.0
36001,nyiso,1.0
36003,nyiso,1.0
36005,nyiso,1.0
36007,nyiso,1.0
36009,nyiso,1.0
36011,nyiso,1.0
36013,nyiso,1.0
36015,nyiso,0.92
36017,nyiso,1.0
36019,nyiso,1.0
36021,nyiso,1.0
36023,nyiso,1.0
36025,nyiso,1.0
36027,nyiso,1.0
36029,nyiso,1.0
36031,nyiso,1.0
36033,nyiso,1.0
36035,nyiso,1.0
36037,nyiso,1.0
36039,nyiso,1.0
36041,nyiso,1.0
36043,nyiso,1.0
36045,nyiso,1.0
36047,nyiso,1.0
36049,nyiso,1.0
36051,nyiso,1.0
36053,nyiso,1.0
36055,nyiso,1.0
36057,nyiso,1.0
36059,nyiso,1.0
36061,nyiso,1.0
36063,nyiso,1.0
36065,nyiso,1.0
36067,nyiso,1.0
36069,nyiso,1.0
36071,nyiso,1.0
36073,nyiso,1.0
36075,nyiso,1.0
36077,nyiso,1.0
36079,nyiso,1.0
36081,nyiso,1.0
36083,nyiso,1.0
36085,nyiso,1.0
36087,nyiso,1.0
36089,nyiso,1.0
36091,nyiso,1.0
36093,nyiso,1.0
36095,nyiso,1.0
36097,nyiso,1.0
36099,nyiso,1.0
36101,nyiso,1.0
36103,nyiso,1.0
36105,nyiso,1.0
36107,nyiso,0.92
36109,nyiso,1.0
36111,nyiso,1.0
36113,nyiso,1.0
36115,nyiso,1.0
36117,nyiso,1.0
36119,nyiso,1.0
36121,nyiso,1.0
36123,nyiso,1.0
37015,pjm,1.0
37029,pjm,1.0
37041,pjm,1.0
37053,pjm,1.0
37055,pjm,1.0
37073,pjm,1.0
37091,pjm,1.0
37095,pjm,1.0
37117,pjm,0.58
37131,pjm,1.0
37139,pjm,0.37
37143,pjm,1.0
37177,pjm,1.0
37187,pjm,1.0
38001,miso,0.76
38003,miso,1.0
38005,miso,1.0
38007,miso,0.41
38007,spp,0.59
38009,miso,1.0
38011,miso,0.76
38013,miso,0.46
38013,spp,0.54
38015,miso,0.52
38015,spp,0.48
38017,miso,1.0
38019,miso,1.0
38021,miso,1.0
38023,miso,0.46
38023,spp,0.54
38025,miso,0.41
38025,spp,0.59
38027,miso,1.0
38029,miso,0.42
38029,spp,0.58
38031,miso,1.0
38033,miso,0.41
38033,spp,0.59
38035,miso,1.0
38037,miso,1.0
38039,miso,1.0
38041,miso,0.53
38041,spp,0.47
38043,miso,0.57
38043,spp,0.43
38045,miso,1.0
38047,miso,1.0
38049,miso,1.0
38051,miso,1.0
38053,miso,0.5
38053,spp,0.5
38055,miso,0.37
38055,spp,0.63
38057,miso,0.41
38057,spp,0.59
38059,miso,1.0
38061,miso,0.67
38061,spp,0.33
38063,miso,1.0
38065,miso,0.63
38065,spp,0.37
38067,miso,1.0
38069,miso,1.0
38071,miso,1.0
38073,miso,1.0
38075,miso,0.93
38077,miso,1.0
38079,miso,1.0
38081,miso,1.0
38083,miso,0.5
38083,spp,0.5
38085,miso,1.0
38087,miso,0.53
38087,spp,0.47
38089,miso,0.63
38089,spp,0.37
38091,miso,1.0
38093,miso,1.0
38095,miso,1.0
38097,miso,1.0
38099,miso,1.0
38101,miso,0.88
38103,miso,1.0
38105,miso,0.43
38105,spp,0.57
39001,pjm,1.0
39003,pjm,1.0
39005,pjm,1.0
39007,pjm,1.0
39009,pjm,1.0
39011,pjm,1.0
39013,pjm,1.0
39015,pjm,1.0
39017,pjm,1.0
39019,pjm,1.0
39021,pjm,1.0
39023,pjm,1.0
39025,pjm,1.0
39027,pjm,1.0
39029,pjm,1.0
39031,pjm,1.0
39033,pjm,1.0
39035,pjm,1.0
39037,pjm,1.0
39039,pjm,1.0
39041,pjm,1.0
39043,pjm,1.0
39045,pjm,1.0
39047,pjm,1.0
39049,pjm,1.0
39051,pjm,1.0
39053,pjm,1.0
39055,pjm,1.0
39057,pjm,1.0
39059,pjm,1.0
39061,pjm,1.0
39063,pjm,1.0
39065,pjm,1.0
39067,pjm,1.0
39069,pjm,1.0
39071,pjm,1.0
39073,pjm,1.0
39075,pjm,1.0
39077,pjm,1.0
39079,pjm,1.0
39081,pjm,1.0
39083,pjm,1.0
39085,pjm,1.0
39087,pjm,1.0
39089,pjm,1.0
39091,pjm,1.0
39093,pjm,1.0
39095,pjm,1.0
39097,pjm,1.0
39099,pjm,1.0
39101,pjm,1.0
39103,pjm,1.0
39105,pjm,1.0
39107,pjm,1.0
39109,pjm,1.0
39111,pjm,1.0
39113,pjm,1.0
39115,pjm,1.0
39117,pjm,1.0
39119,pjm,1.0
39121,pjm,1.0
39123,pjm,1.0
39125,pjm,1.0
39127,pjm,1.0
39129,pjm,1.0
39131,pjm,1.0
39133,pjm,1.0
39135,pjm,1.0
39137,pjm,1.0
39139,pjm,1.0
39141,pjm,1.0
39143,pjm,1.0
39145,pjm,1.0
39147,pjm,1.0
39149,pjm,1.0
39151,pjm,1.0
39153,pjm,1.0
39155,pjm,1.0
39157,pjm,1.0
39159,pjm,1.0
39161,pjm,1.0
39163,pjm,1.0
39165,pjm,1.0
39167,pjm,1.0
39169,pjm,1.0
39171,pjm,1.0
39173,pjm,1.0
39175,pjm,1.0
40001,spp,0.8
40003,spp,1.0
40005,spp,0.89
40007,spp,1.0
40009,spp,1.0
40011,spp,1.0
40013,spp,1.0
40015,spp,1.0
40017,spp,1.0
40019,spp,1.0
40021,spp,0.85
40023,spp,1.0
40025,spp,1.0
40027,spp,1.0
40029,spp,1.0
40031,spp,1.0
40033,spp,1.0
40035,spp,1.0
40037,spp,0.82
40039,spp,1.0
40041,spp,0.86
40043,spp,1.0
40045,spp,1.0
40047,spp,0.86
40049,spp,1.0
40051,spp,1.0
40053,spp,1.0
40055,spp,1.0
40057,spp,1.0
40059,spp,1.0
40061,spp,0.92
40063,spp,1.0
40065,spp,1.0
40067,spp,1.0
40069,spp,1.0
40071,spp,1.0
40073,spp,1.0
40075,spp,1.0
40077,spp,0.64
40079,spp,0.82
40081,spp,0.7
40083,spp,0.84
40085,spp,1.0
40087,spp,1.0
40089,spp,0.99
40091,spp,0.88
40093,spp,1.0
40095,spp,1.0
40097,spp,0.83
40099,spp,1.0
40101,spp,0.58
40103,spp,0.86
40105,spp,0.7
40107,spp,0.88
40109,spp,0.96
40111,spp,0.88
40113,spp,0.83
40115,spp,1.0
40117,spp,0.85
40119,spp,0.93
40121,spp,0.81
40123,spp,1.0
40125,spp,1.0
40127,spp,0.78
40129,spp,1.0
40131,spp,0.73
40133,spp,0.82
40135,spp,0.89
40137,spp,1.0
40139,spp,1.0
40141,spp,1.0
40143,spp,0.71
40145,spp,0.77
40147,spp,0.62
40149,spp,1.0
40151,spp,1.0
40153,spp,1.0
42001,pjm,1.0
42003,pjm,1.0
42005,pjm,1.0
42007,pjm,1.0
42009,pjm,1.0
42011,pjm,1.0
42013,pjm,1.0
42015,pjm,1.0
42017,pjm,1.0
42019,pjm,1.0
42021,pjm,1.0
42023,pjm,1.0
42025,pjm,1.0
42027,pjm,1.0
42029,pjm,1.0
42031,pjm,1.0
42033,pjm,1.0
42035,pjm,1.0
42037,pjm,1.0
42039,pjm,1.0
42041,pjm,1.0
42043,pjm,1.0
42045,pjm,1.0
42047,pjm,1.0
42049,pjm,1.0
42051,pjm,1.0
42053,pjm,1.0
42055,pjm,1.0
42057,pjm,1.0
42059,pjm,1.0
42061,pjm,1.0
42063,pjm,1.0
42065,pjm,1.0
42067,pjm,1.0
42069,pjm,1.0
42071,pjm,1.0
42073,pjm,1.0
42075,pjm,1.0
42077,pjm,1.0
42079,pjm,1.0
42081,pjm,1.0
42083,pjm,1.0
42085,pjm,1.0
42087,pjm,1.0
42089,pjm,1.0
42091,pjm,1.0
42093,pjm,1.0
42095,pjm,1.0
42097,pjm,1.0
42099,pjm,1.0
42101,pjm,1.0
42103,pjm,0.94
42105,pjm,1.0
42107,pjm,1.0
42109,pjm,1.0
42111,pjm,1.0
42113,pjm,1.0
42115,pjm,1.0
42117,pjm,1.0
42119,pjm,1.0
42121,pjm,1.0
42123,pjm,1.0
42125,pjm,1.0
42127,pjm,1.0
42129,pjm,1.0
42131,pjm,1.0
42133,pjm,1.0
44001,isone,1.0
44003,isone,1.0
44005,isone,1.0
44007,isone,1.0
44009,isone,1.0
46003,spp,0.72
46005,spp,0.9
46009,spp,1.0
46013,spp,0.83
46015,spp,0.72
46021,miso,1.0
46023,spp,1.0
46025,spp,1.0
46027,spp,1.0
46029,spp,0.94
46031,miso,1.0
46035,spp,0.72
46037,miso,0.36
46037,spp,0.64
46039,spp,0.82
46043,spp,1.0
46045,spp,0.83
46049,spp,0.76
46051,miso,1.0
46053,spp,1.0
46055,spp,1.0
46057,spp,0.82
46059,spp,0.9
46061,miso,0.67
46063,miso,1.0
46065,spp,1.0
46067,miso,0.72
46069,spp,0.88
46071,spp,1.0
46073,spp,0.66
46077,spp,0.78
46079,miso,0.77
46083,miso,0.88
46085,spp,1.0
46087,miso,0.71
46089,miso,0.48
46089,spp,0.52
46091,spp,0.74
46095,spp,1.0
46097,miso,0.65
46099,miso,0.71
46101,miso,0.82
46102,spp,1.0
46105,miso,1.0
46107,miso,1.0
46109,miso,1.0
46111,miso,0.75
46115,spp,0.9
46119,spp,0.83
46123,spp,1.0
46125,miso,0.61
46125,spp,0.39
46127,miso,0.59
46127,spp,0.41
46129,miso,1.0
46135,spp,1.0
46137,spp,1.0
47073,pjm,0.43
47179,pjm,0.35
48001,ercot,1.0
48003,ercot,0.83
48005,ercot,0.75
48007,ercot,1.0
48009,ercot,1.0
48011,spp,0.91
48013,ercot,1.0
48015,ercot,1.0
48017,spp,1.0
48019,ercot,1.0
48021,ercot,1.0
48023,ercot,1.0
48025,ercot,1.0
48027,ercot,1.0
48029,ercot,1.0
48031,ercot,1.0
48033,ercot,0.84
48035,ercot,1.0
48037,spp,0.96
48039,ercot,1.0
48041,ercot,0.8
48043,ercot,1.0
48045,ercot,0.43
48045,spp,0.57
48047,ercot,1.0
48049,ercot,1.0
48051,ercot,0.66
48051,miso,0.34
48053,ercot,1.0
48055,ercot,1.0
48057,ercot,1.0
48059,ercot,1.0
48061,ercot,1.0
48063,spp,1.0
48065,spp,1.0
48067,spp,0.97
48069,spp,1.0
48071,ercot,0.92
48073,ercot,1.0
48075,ercot,0.33
48075,spp,0.67
48077,ercot,1.0
48079,spp,1.0
48081,ercot,1.0
48083,ercot,1.0
48085,ercot,1.0
48087,spp,0.84
48089,ercot,1.0
48091,ercot,1.0
48093,ercot,1.0
48095,ercot,1.0
48097,ercot,1.0
48099,ercot,1.0
48101,ercot,0.34
48101,spp,0.66
48103,ercot,1.0
48105,ercot,1.0
48107,spp,0.89
48111,spp,1.0
48113,ercot,1.0
48115,ercot,0.83
48117,spp,1.0
48119,ercot,1.0
48121,ercot,1.0
48123,ercot,1.0
48125,ercot,0.57
48125,spp,0.43
48127,ercot,1.0
48129,spp,0.91
48131,ercot,1.0
48133,ercot,1.0
48135,ercot,0.87
48137,ercot,1.0
48139,ercot,1.0
48143,ercot,1.0
48145,ercot,0.71
48147,ercot,1.0
48149,ercot,1.0
48151,ercot,1.0
48153,spp,0.89
48155,ercot,0.56
48155,spp,0.44
48157,ercot,1.0
48159,ercot,0.45
48159,spp,0.55
48161,ercot,1.0
48163,ercot,1.0
48165,ercot,0.8
48167,ercot,0.93
48169,spp,0.89
48171,ercot,1.0
48173,ercot,1.0
48175,ercot,1.0
48177,ercot,1.0
48179,spp,0.96
48181,ercot,1.0
48183,spp,1.0
48185,ercot,0.36
48185,miso,0.64
48187,ercot,1.0
48189,spp,0.91
48191,ercot,0.31
48191,spp,0.69
48193,ercot,1.0
48195,spp,1.0
48197,ercot,0.53
48197,spp,0.47
48199,miso,1.0
48201,ercot,0.92
48203,spp,1.0
48205,spp,1.0
48207,ercot,1.0
48209,ercot,1.0
48211,spp,0.92
48213,ercot,1.0
48215,ercot,1.0
48217,ercot,1.0
48219,spp,0.97
48221,ercot,1.0
48223,ercot,0.8
48225,ercot,0.69
48225,miso,0.31
48227,ercot,0.95
48231,ercot,1.0
48233,spp,1.0
48235,ercot,1.0
48237,ercot,1.0
48239,ercot,1.0
48241,miso,1.0
48243,ercot,1.0
48245,miso,1.0
48247,ercot,1.0
48249,ercot,1.0
48251,ercot,1.0
48253,ercot,1.0
48255,ercot,1.0
48257,ercot,1.0
48259,ercot,1.0
48261,ercot,1.0
48263,ercot,0.92
48265,ercot,1.0
48267,ercot,1.0
48269,ercot,0.77
48271,ercot,1.0
48273,ercot,1.0
48275,ercot,1.0
48277,ercot,1.0
48279,spp,0.97
48281,ercot,1.0
48283,ercot,1.0
48285,ercot,1.0
48287,ercot,1.0
48289,ercot,0.7
48291,ercot,0.89
48293,ercot,0.71
48295,spp,1.0
48297,ercot,1.0
48299,ercot,1.0
48301,ercot,1.0
48303,ercot,0.9
48305,ercot,0.77
48307,ercot,1.0
48309,ercot,1.0
48311,ercot,1.0
48313,ercot,0.38
48313,miso,0.62
48315,spp,1.0
48317,ercot,0.95
48319,ercot,1.0
48321,ercot,1.0
48323,ercot,1.0
48325,ercot,1.0
48327,ercot,1.0
48329,ercot,0.87
48331,ercot,0.75
48333,ercot,1.0
48335,ercot,1.0
48337,ercot,1.0
48339,ercot,0.89
48341,spp,1.0
48343,spp,1.0
48345,ercot,0.34
48345,spp,0.66
48347,ercot,0.82
48349,ercot,1.0
48351,miso,1.0
48353,ercot,1.0
48355,ercot,1.0
48357,spp,1.0
48359,spp,1.0
48361,miso,1.0
48363,ercot,1.0
48365,spp,0.76
48367,ercot,1.0
48369,spp,1.0
48371,ercot,1.0
48373,miso,1.0
48375,spp,1.0
48377,ercot,1.0
48379,ercot,0.55
48379,spp,0.45
48381,spp,0.91
48383,ercot,1.0
48385,ercot,1.0
48387,ercot,0.78
48389,ercot,1.0
48391,ercot,1.0
48393,spp,0.92
48395,ercot,0.63
48395,miso,0.37
48397,ercot,1.0
48399,ercot,1.0
48401,ercot,0.67
48403,miso,1.0
48405,miso,1.0
48407,miso,1.0
48409,ercot,1.0
48411,ercot,1.0
48413,ercot,1.0
48415,ercot,1.0
48417,ercot,1.0
48419,miso,0.31
48419,spp,0.69
48421,spp,1.0
48423,ercot,0.73
48425,ercot,1.0
48427,ercot,1.0
48429,ercot,1.0
48431,ercot,1.0
48433,ercot,0.78
48435,ercot,1.0
48437,spp,0.89
48439,ercot,1.0
48441,ercot,1.0
48443,ercot,1.0
48445,ercot,0.83
48447,ercot,1.0
48449,spp,0.74
48451,ercot,1.0
48453,ercot,1.0
48455,ercot,0.6
48455,miso,0.4
48457,miso,1.0
48459,spp,1.0
48461,ercot,1.0
48463,ercot,1.0
48465,ercot,1.0
48467,ercot,0.85
48469,ercot,1.0
48471,miso,0.75
48473,ercot,0.93
48475,ercot,1.0
48477,ercot,0.5
48477,miso,0.5
48479,ercot,1.0
48481,ercot,1.0
48483,spp,0.96
48485,ercot,1.0
48487,ercot,0.9
48489,ercot,1.0
48491,ercot,1.0
48493,ercot,1.0
48495,ercot,1.0
48497,ercot,1.0
48499,ercot,0.74
48501,spp,1.0
48503,ercot,1.0
48505,ercot,1.0
48507,ercot,1.0
50001,isone,1.0
50003,isone,1.0
50005,isone,1.0
50007,isone,1.0
50009,isone,1.0
50011,isone,1.0
50013,isone,1.0
50015,isone,1.0
50017,isone,1.0
50019,isone,1.0
50021,isone,1.0
50023,isone,1.0
50025,isone,1.0
50027,isone,1.0
51001,pjm,1.0
51003,pjm,1.0
51005,pjm,1.0
51007,pjm,1.0
51009,pjm,1.0
51011,pjm,1.0
51013,pjm,1.0
51015,pjm,1.0
51017,pjm,1.0
51019,pjm,1.0
51021,pjm,1.0
51023,pjm,1.0
51025,pjm,1.0
51027,pjm,1.0
51029,pjm,1.0
51031,pjm,1.0
51033,pjm,1.0
51035,pjm,1.0
51036,pjm,1.0
51037,pjm,1.0
51041,pjm,1.0
51043,pjm,1.0
51045,pjm,1.0
51047,pjm,1.0
51049,pjm,1.0
51051,pjm,0.79
51053,pjm,1.0
51057,pjm,1.0
51059,pjm,1.0
51061,pjm,1.0
51063,pjm,1.0
51065,pjm,1.0
51067,pjm,1.0
51069,pjm,1.0
51071,pjm,1.0
51073,pjm,1.0
51075,pjm,1.0
51077,pjm,1.0
51079,pjm,1.0
51081,pjm,1.0
51083,pjm,1.0
51085,pjm,1.0
51087,pjm,1.0
51089,pjm,1.0
51091,pjm,1.0
51093,pjm,1.0
51095,pjm,1.0
51097,pjm,1.0
51099,pjm,1.0
51101,pjm,1.0
51103,pjm,1.0
51107,pjm,1.0
51109,pjm,1.0
51111,pjm,1.0
51113,pjm,1.0
51115,pjm,1.0
51117,pjm,1.0
51119,pjm,1.0
51121,pjm,1.0
51125,pjm,1.0
51127,pjm,1.0
51131,pjm,1.0
51133,pjm,1.0
51135,pjm,1.0
51137,pjm,1.0
51139,pjm,1.0
51141,pjm,1.0
51143,pjm,1.0
51145,pjm,1.0
51147,pjm,1.0
51149,pjm,1.0
51153,pjm,1.0
51155,pjm,1.0
51157,pjm,1.0
51159,pjm,1.0
51161,pjm,1.0
51163,pjm,1.0
51165,pjm,1.0
51167,pjm,0.79
51169,pjm,0.58
51171,pjm,1.0
51173,pjm,1.0
51175,pjm,1.0
51177,pjm,1.0
51179,pjm,1.0
51181,pjm,1.0
51183,pjm,1.0
51185,pjm,1.0
51187,pjm,1.0
51191,pjm,0.76
51193,pjm,1.0
51195,pjm,0.71
51197,pjm,1.0
51199,pjm,1.0
51510,pjm,1.0
51520,pjm,0.83
51530,pjm,1.0
51540,pjm,1.0
51550,pjm,1.0
51570,pjm,1.0
51580,pjm,1.0
51590,pjm,1.0
51595,pjm,1.0
51600,pjm,1.0
51610,pjm,1.0
51630,pjm,1.0
51650,pjm,1.0
51660,pjm,1.0
51670,pjm,1.0
51678,pjm,1.0
51683,pjm,1.0
51685,pjm,1.0
51700,pjm,1.0
51710,pjm,1.0
51730,pjm,1.0
51735,pjm,1.0
51740,pjm,1.0
51760,pjm,1.0
51775,pjm,1.0
51790,pjm,1.0
51800,pjm,1.0
51810,pjm,1.0
51820,pjm,1.0
51830,pjm,1.0
51840,pjm,1.0
54001,pjm,1.0
54003,pjm,1.0
54005,pjm,1.0
54007,pjm,1.0
54009,pjm,1.0
54011,pjm,1.0
54013,pjm,1.0
54015,pjm,1.0
54017,pjm,1.0
54019,pjm,1.0
54021,pjm,1.0
54023,pjm,1.0
54025,pjm,1.0
54027,pjm,1.0
54029,pjm,1.0
54031,pjm,1.0
54033,pjm,1.0
54035,pjm,1.0
54037,pjm,1.0
54039,pjm,1.0
54041,pjm,1.0
54043,pjm,1.0
54045,pjm,1.0
54047,pjm,1.0
54049,pjm,1.0
54051,pjm,1.0
54053,pjm,1.0
54055,pjm,1.0
54057,pjm,1.0
54059,pjm,1.0
54061,pjm,1.0
54063,pjm,1.0
54065,pjm,1.0
54067,pjm,1.0
54069,pjm,1.0
54071,pjm,1.0
54073,pjm,1.0
54075,pjm,1.0
54077,pjm,1.0
54079,pjm,1.0
54081,pjm,1.0
54083,pjm,1.0
54085,pjm,1.0
54087,pjm,1.0
54089,pjm,1.0
54091,pjm,1.0
54093,pjm,1.0
54095,pjm,1.0
54097,pjm,1.0
54099,pjm,1.0
54101,pjm,1.0
54103,pjm,1.0
54105,pjm,1.0
54107,pjm,1.0
54109,pjm,1.0
55001,miso,1.0
55003,miso,1.0
55005,miso,1.0
55007,miso,1.0
55009,miso,1.0
55011,miso,1.0
55013,miso,1.0
55015,miso,1.0
55017,miso,1.0
55019,miso,1.0
55021,miso,1.0
55023,miso,1.0
55025,miso,1.0
55027,miso,1.0
55029,miso,1.0
55031,miso,1.0
55033,miso,1.0
55035,miso,1.0
55037,miso,1.0
55039,miso,1.0
55041,miso,1.0
55043,miso,1.0
55045,miso,1.0
55047,miso,1.0
55049,miso,1.0
55051,miso,1.0
55053,miso,1.0
55055,miso,1.0
55057,miso,1.0
55059,miso,1.0
55061,miso,1.0
55063,miso,1.0
55065,miso,1.0
55067,miso,1.0
55069,miso,1.0
55071,miso,1.0
55073,miso,1.0
55075,miso,1.0
55077,miso,1.0
55078,miso,1.0
55079,miso,1.0
55081,miso,1.0
55083,miso,1.0
55085,miso,1.0
55087,miso,1.0
55089,miso,1.0
55091,miso,1.0
55093,miso,1.0
55095,miso,1.0
55097,miso,1.0
55099,miso,1.0
55101,miso,1.0
55103,miso,1.0
55105,miso,1.0
55107,miso,1.0
55109,miso,1.0
55111,miso,1.0
55113,miso,1.0
55115,miso,1.0
55117,miso,1.0
55119,miso,1.0
55121,miso,1.0
55123,miso,1.0
55125,miso,1.0
55127,miso,1.0
55129,miso,1.0
55131,miso,1.0
55133,miso,1.0
55135,miso,1.0
55137,miso,1.0
55139,miso,1.0
55141,miso,1.0
